"Name","Team","O-Swing%","Z-Swing%","Swing%","O-Contact%","Z-Contact%","Contact%","Zone%","F-Strike%","SwStr%","CStr%","CSW%","playerid"
"Andy Burns","LAD","5.7%","70.6%","37.7%","100.0%","87.5%","88.5%","49.3%","66.7%","4.3%","23.2%","27.5%","12779"
"Jordan Holloway","MIA","10.5%","45.8%","30.2%","50.0%","54.5%","53.8%","55.8%","60.0%","14.0%","34.9%","48.8%","20631"
"Jacob Wilson","- - -","12.2%","69.4%","36.5%","83.3%","84.0%","83.9%","42.4%","61.9%","5.9%","25.9%","31.8%","13254"
"Aaron Nola","PHI","12.8%","39.8%","26.5%","43.8%","96.1%","83.6%","50.6%","68.3%","4.3%","30.8%","35.2%","16149"
"Walker Buehler","LAD","14.0%","50.3%","33.0%","39.1%","71.4%","64.9%","52.5%","76.8%","11.6%","29.0%","40.6%","19374"
"JT Brubaker","PIT","14.6%","48.0%","30.6%","41.7%","83.3%","72.9%","47.8%","65.1%","8.3%","32.5%","40.8%","17578"
"Zach Davies","CHC","15.0%","48.4%","35.3%","77.8%","95.6%","92.6%","60.8%","63.6%","2.6%","32.0%","34.6%","13183"
"Juan Soto","WSN","15.1%","62.8%","35.0%","62.6%","88.7%","82.1%","41.6%","53.7%","6.3%","20.0%","26.3%","20123"
"Brett Anderson","MIL","15.2%","49.3%","32.3%","40.0%","78.8%","69.8%","50.4%","67.6%","9.8%","28.6%","38.3%","8223"
"Roman Quinn","PHI","15.8%","67.0%","37.6%","47.8%","75.3%","68.8%","42.7%","56.5%","11.8%","20.4%","32.2%","13546"
"Delino DeShields","CIN","16.3%","70.6%","40.6%","72.7%","80.5%","78.8%","44.7%","50.0%","8.6%","18.4%","27.0%","11379"
"Alex Avila","WSN","16.5%","62.2%","36.8%","32.6%","72.3%","62.4%","44.5%","55.9%","13.8%","20.9%","34.7%","7476"
"Geraldo Perdomo","ARI","16.9%","67.2%","39.5%","50.0%","82.1%","74.5%","45.0%","45.9%","10.1%","20.2%","30.2%","22799"
"Alec Mills","CHC","17.1%","38.0%","28.2%","50.0%","66.7%","61.9%","53.0%","58.3%","10.7%","28.9%","39.6%","13834"
"Chad Kuhl","PIT","17.5%","58.7%","39.5%","14.3%","66.7%","55.9%","53.5%","62.5%","17.4%","26.7%","44.2%","14975"
"Jon Lester","- - -","17.9%","58.8%","40.7%","35.3%","78.6%","70.1%","55.6%","64.7%","12.1%","24.3%","36.4%","4930"
"Bryse Wilson","- - -","17.9%","33.3%","26.4%","57.1%","87.5%","78.3%","55.2%","72.0%","5.7%","31.0%","36.8%","19990"
"Hoy Park","- - -","18.1%","63.8%","39.0%","64.1%","80.0%","76.0%","45.8%","57.3%","9.4%","20.7%","30.1%","18027"
"Jake Arrieta","- - -","18.6%","40.4%","27.9%","30.8%","57.1%","47.1%","42.6%","63.3%","14.8%","36.1%","50.8%","4153"
"Yasmani Grandal","CHW","18.7%","51.1%","31.9%","63.2%","84.7%","77.3%","40.7%","48.5%","7.3%","22.5%","29.7%","11368"
"John Nogowski","- - -","18.9%","68.9%","42.4%","71.9%","92.9%","88.0%","46.9%","58.0%","5.1%","19.2%","24.3%","16852"
"Clint Frazier","NYY","18.9%","65.8%","37.8%","53.3%","80.6%","72.4%","40.4%","57.8%","10.4%","19.0%","29.4%","15983"
"Kevin Padlo","- - -","18.9%","75.9%","43.9%","57.1%","45.5%","48.3%","43.9%","66.7%","22.7%","16.7%","39.4%","16593"
"Jesus Luzardo","- - -","19.0%","30.6%","24.4%","87.5%","72.7%","78.9%","46.2%","60.0%","5.1%","30.8%","35.9%","19959"
"Max Muncy","LAD","19.1%","62.2%","37.6%","58.5%","86.0%","78.0%","42.9%","53.7%","8.3%","20.0%","28.3%","13301"
"Alex Blandino","CIN","19.1%","56.9%","35.3%","46.2%","82.8%","71.4%","42.9%","58.5%","10.1%","24.6%","34.7%","16271"
"Robbie Grossman","DET","19.2%","64.0%","38.3%","64.6%","87.1%","80.6%","42.6%","54.1%","7.4%","19.7%","27.1%","5254"
"Trevor Williams","- - -","19.3%","48.1%","33.0%","63.6%","92.0%","83.3%","47.7%","57.1%","5.5%","33.9%","39.4%","16977"
"Tommy Pham","SDP","19.3%","62.6%","38.2%","58.7%","86.2%","78.4%","43.6%","55.1%","8.3%","20.2%","28.5%","2967"
"Matt Carpenter","STL","19.8%","64.2%","38.7%","61.4%","79.2%","74.0%","42.7%","51.4%","10.1%","19.3%","29.4%","8090"
"Breyvic Valera","TOR","19.9%","55.7%","36.0%","88.9%","95.1%","93.2%","45.0%","55.7%","2.4%","26.0%","28.5%","12758"
"Brandon Nimmo","NYM","20.0%","67.8%","42.1%","62.7%","86.8%","80.7%","46.3%","61.1%","8.1%","18.4%","26.5%","12927"
"Brett Gardner","NYY","20.1%","57.2%","37.4%","70.4%","88.9%","83.5%","46.5%","52.7%","6.2%","22.7%","28.9%","9927"
"Alex Wood","SFG","20.2%","38.6%","28.3%","33.3%","78.1%","60.4%","44.4%","76.6%","11.2%","34.2%","45.5%","13781"
"Jonathan Davis","- - -","20.5%","60.9%","36.5%","54.7%","87.4%","76.3%","39.6%","64.1%","8.7%","23.0%","31.6%","15104"
"David Peterson","NYM","20.6%","56.8%","41.0%","57.1%","76.0%","71.9%","56.4%","70.0%","11.5%","26.9%","38.5%","20302"
"Daniel Vogelbach","MIL","20.7%","49.5%","32.9%","69.5%","89.8%","82.4%","42.2%","53.5%","5.8%","25.0%","30.7%","14130"
"Trent Grisham","SDP","20.7%","65.5%","40.2%","63.4%","87.7%","80.6%","43.5%","55.6%","7.8%","19.2%","27.0%","18564"
"T.J. Friedl","CIN","20.8%","64.4%","39.7%","62.5%","94.7%","85.2%","43.4%","41.7%","5.9%","16.9%","22.8%","19522"
"Mike Ford","NYY","20.9%","56.4%","34.2%","57.9%","82.3%","73.0%","37.7%","52.8%","9.2%","20.2%","29.5%","15585"
"Roberto Perez","CLE","20.9%","64.6%","41.2%","37.2%","77.9%","66.8%","46.3%","59.0%","13.7%","19.3%","32.9%","2900"
"Alex Bregman","HOU","21.0%","66.6%","41.5%","72.8%","93.5%","87.7%","44.9%","57.3%","5.1%","19.3%","24.4%","17678"
"Josh VanMeter","ARI","21.1%","62.3%","39.7%","52.3%","83.2%","74.2%","45.2%","54.8%","10.3%","20.7%","31.0%","15170"
"Travis Jankowski","PHI","21.2%","59.8%","39.5%","76.9%","88.5%","85.2%","47.3%","61.8%","5.8%","21.1%","26.9%","13768"
"Trayce Thompson","CHC","21.2%","63.9%","37.5%","61.9%","79.5%","73.3%","38.1%","45.7%","10.0%","17.5%","27.5%","9952"
"Brett Phillips","TBR","21.2%","65.5%","41.8%","50.7%","72.3%","66.5%","46.5%","54.5%","14.0%","18.2%","32.3%","14735"
"Lars Nootbaar","STL","21.3%","61.7%","39.2%","66.1%","81.4%","76.8%","44.3%","56.5%","9.1%","21.0%","30.1%","21454"
"Jake Fraley","SEA","21.4%","65.7%","39.8%","57.9%","81.3%","74.0%","41.5%","54.7%","10.4%","17.1%","27.4%","19260"
"Austin Nola","SDP","21.6%","72.4%","45.0%","75.3%","93.9%","89.1%","46.0%","60.8%","4.9%","17.7%","22.6%","15941"
"Tim Lopes","MIL","21.7%","69.6%","45.7%","40.0%","87.5%","76.2%","50.0%","54.5%","10.9%","17.4%","28.3%","14137"
"Zac Gallen","ARI","21.9%","47.3%","35.5%","35.7%","80.0%","67.3%","53.6%","81.0%","11.6%","32.6%","44.2%","19291"
"Yonny Hernandez","TEX","21.9%","57.6%","37.7%","74.7%","92.0%","86.4%","44.3%","61.4%","5.1%","24.5%","29.7%","19432"
"Myles Straw","- - -","21.9%","62.7%","40.2%","79.1%","92.6%","88.6%","44.9%","58.3%","4.6%","21.6%","26.2%","17620"
"Rob Refsnyder","MIN","22.1%","65.5%","39.9%","57.5%","84.4%","75.7%","41.1%","63.1%","9.7%","20.3%","30.0%","13770"
"Mike Trout","LAA","22.1%","63.4%","39.5%","61.5%","79.1%","73.4%","42.1%","56.2%","10.5%","17.4%","27.9%","10155"
"Joey Gallo","- - -","22.1%","67.5%","40.2%","43.8%","72.7%","63.1%","39.9%","54.1%","14.8%","15.8%","30.6%","14128"
"Mike Tauchman","- - -","22.1%","73.0%","44.5%","49.1%","75.6%","68.2%","43.9%","53.9%","14.1%","15.3%","29.4%","15274"
"Cavan Biggio","TOR","22.2%","64.9%","41.3%","50.7%","87.5%","76.6%","44.8%","57.8%","9.7%","20.2%","29.9%","19252"
"Andrew McCutchen","PHI","22.3%","67.3%","41.6%","57.8%","84.0%","76.0%","42.9%","62.0%","10.0%","18.5%","28.5%","9847"
"Connor Joe","COL","22.4%","69.6%","41.7%","58.3%","88.0%","78.6%","41.0%","56.9%","8.9%","17.7%","26.7%","16572"
"Taylor Walls","TBR","22.4%","63.0%","40.7%","71.7%","80.1%","77.6%","45.0%","60.2%","9.1%","20.0%","29.1%","22458"
"Evan Longoria","SFG","22.5%","67.5%","42.3%","61.4%","82.8%","76.5%","44.2%","62.5%","10.0%","18.5%","28.5%","9368"
"Tyler Wade","NYY","22.5%","68.2%","42.5%","64.6%","78.8%","74.5%","43.7%","55.2%","10.8%","18.2%","29.1%","15730"
"Jason Castro","HOU","22.6%","61.4%","39.6%","53.1%","73.4%","66.9%","43.7%","58.1%","13.1%","18.3%","31.3%","8722"
"Luis Gonzalez","CHW","22.6%","68.4%","40.0%","71.4%","84.6%","80.0%","38.0%","54.5%","8.0%","16.0%","24.0%","20332"
"Yandy Diaz","TBR","22.7%","68.4%","42.7%","69.6%","87.5%","82.1%","43.7%","56.4%","7.6%","17.0%","24.6%","16578"
"Christian Yelich","MIL","22.8%","67.3%","41.4%","59.6%","86.0%","77.5%","41.7%","55.2%","9.3%","16.9%","26.2%","11477"
"Tucupita Marcano","SDP","22.8%","68.9%","41.0%","65.4%","92.2%","83.1%","39.4%","52.0%","6.9%","20.7%","27.7%","22871"
"Zack Short","DET","22.8%","66.0%","41.7%","58.3%","82.3%","74.9%","43.7%","57.6%","10.5%","20.0%","30.5%","19562"
"Mookie Betts","LAD","22.9%","64.6%","40.4%","68.2%","93.1%","84.9%","42.0%","58.2%","6.1%","19.5%","25.6%","13611"
"Ji-Man Choi","TBR","23.0%","68.3%","42.3%","53.3%","78.2%","70.4%","42.5%","59.7%","12.5%","16.8%","29.3%","5452"
"Jack Flaherty","STL","23.1%","31.8%","26.6%","66.7%","92.9%","79.3%","40.4%","57.7%","5.5%","32.1%","37.6%","17479"
"Zack Collins","CHW","23.1%","69.7%","43.6%","59.0%","80.2%","73.9%","43.9%","61.0%","11.4%","16.5%","27.8%","19181"
"Kyle Schwarber","- - -","23.3%","67.6%","41.4%","58.0%","81.2%","73.5%","40.8%","55.4%","11.0%","17.3%","28.2%","16478"
"Billy McKinney","- - -","23.4%","65.2%","43.0%","59.7%","87.0%","79.1%","46.9%","58.0%","9.0%","20.1%","29.1%","15654"
"Jahmai Jones","BAL","23.4%","63.0%","42.8%","54.5%","88.2%","78.8%","48.9%","70.8%","9.1%","21.0%","30.1%","18872"
"Tony Kemp","OAK","23.5%","64.4%","41.5%","78.3%","90.9%","86.9%","44.1%","58.9%","5.4%","18.8%","24.2%","14894"
"Brandon Belt","SFG","23.5%","78.6%","47.2%","65.9%","79.4%","75.6%","43.0%","53.3%","11.5%","11.9%","23.4%","10264"
"Lane Thomas","- - -","23.5%","60.9%","39.9%","67.3%","87.9%","81.1%","43.9%","61.0%","7.5%","22.0%","29.5%","16939"
"Sergio Alcantara","CHC","23.5%","65.1%","42.3%","52.2%","81.2%","72.3%","45.1%","58.0%","11.7%","18.9%","30.6%","16417"
"Sandy Alcantara","MIA","23.6%","33.1%","28.7%","20.7%","54.2%","41.6%","54.1%","51.6%","16.8%","38.8%","55.6%","18684"
"Joe Panik","- - -","23.7%","68.3%","43.7%","82.6%","89.7%","87.6%","44.9%","60.3%","5.4%","19.1%","24.5%","11936"
"Brian O'Grady","SDP","23.7%","70.7%","43.8%","54.1%","82.9%","73.9%","42.6%","55.7%","11.4%","14.0%","25.4%","16729"
"Isaac Paredes","DET","23.8%","60.7%","40.2%","80.0%","89.2%","86.2%","44.4%","62.4%","5.6%","21.4%","27.0%","20036"
"Darin Ruf","SFG","23.8%","59.5%","38.1%","59.9%","87.2%","76.9%","39.9%","51.6%","8.8%","21.9%","30.7%","9929"
"Greg Allen","NYY","23.9%","53.1%","36.3%","69.2%","93.0%","84.1%","42.6%","64.6%","5.8%","26.3%","32.1%","16623"
"Jace Peterson","MIL","23.9%","60.3%","40.0%","51.7%","86.7%","75.1%","44.3%","56.6%","10.0%","20.6%","30.6%","12325"
"Jon Berti","MIA","23.9%","65.8%","42.2%","62.1%","89.0%","80.4%","43.7%","59.4%","8.3%","18.1%","26.4%","12037"
"Jordan Luplow","- - -","23.9%","72.3%","43.4%","60.5%","77.9%","72.1%","40.3%","57.5%","12.1%","15.9%","28.0%","16424"
"Ronald Acuna Jr.","ATL","23.9%","69.7%","42.8%","61.3%","81.7%","75.0%","41.2%","53.1%","10.7%","14.8%","25.5%","18401"
"Curt Casali","SFG","24.0%","75.3%","46.0%","46.8%","83.6%","72.6%","42.9%","63.2%","12.6%","15.5%","28.1%","12510"
"Johan Camargo","ATL","24.0%","54.8%","35.8%","50.0%","82.4%","69.0%","38.3%","55.6%","11.1%","19.8%","30.9%","14950"
"Josh Rogers","WSN","24.0%","53.6%","39.6%","33.3%","86.7%","71.4%","52.8%","78.6%","11.3%","28.3%","39.6%","18510"
"Mitch Garver","MIN","24.2%","60.5%","38.8%","58.0%","80.0%","71.8%","40.0%","56.4%","10.9%","20.7%","31.7%","15161"
"Ronald Guzman","TEX","24.2%","73.0%","50.0%","62.5%","66.7%","65.7%","52.9%","58.8%","17.1%","15.7%","32.9%","14388"
"Eric Lauer","MIL","24.2%","48.6%","36.8%","50.0%","76.5%","68.0%","51.5%","62.2%","11.8%","25.7%","37.5%","19316"
"Daniel Robertson","MIL","24.4%","63.6%","39.0%","49.1%","87.6%","72.6%","37.4%","64.4%","10.7%","20.1%","30.7%","14145"
"Josh Rojas","ARI","24.4%","63.8%","41.9%","64.3%","85.7%","78.8%","44.4%","59.8%","8.9%","19.9%","28.8%","19734"
"Mark Canha","OAK","24.4%","63.1%","40.6%","66.4%","87.6%","80.2%","41.8%","55.5%","8.0%","20.4%","28.4%","11445"
"Tyler Stephenson","CIN","24.5%","63.7%","40.4%","68.7%","91.4%","83.2%","40.5%","62.4%","6.8%","19.6%","26.4%","17988"
"Dylan Moore","SEA","24.6%","62.8%","41.0%","64.6%","81.8%","75.9%","42.9%","63.7%","9.9%","21.1%","31.0%","18042"
"Joey Votto","CIN","24.7%","71.5%","43.9%","57.1%","81.6%","73.5%","41.1%","58.2%","11.6%","15.7%","27.4%","4314"
"Joe Ross","WSN","24.7%","58.2%","42.1%","77.8%","80.4%","79.7%","52.0%","71.8%","8.6%","23.0%","31.6%","12972"
"Chris Taylor","LAD","24.7%","72.5%","45.5%","49.1%","78.4%","69.4%","43.6%","62.2%","13.9%","15.0%","28.9%","13757"
"Ramon Urias","BAL","24.7%","67.9%","43.9%","65.1%","83.9%","78.0%","44.5%","58.1%","9.7%","18.4%","28.1%","18795"
"Will Smith","LAD","24.7%","64.4%","41.9%","69.9%","85.5%","80.3%","43.2%","57.7%","8.3%","19.6%","27.9%","19197"
"Aaron Hicks","NYY","24.7%","62.3%","40.3%","59.5%","81.8%","73.8%","41.5%","55.6%","10.6%","17.8%","28.4%","5297"
"Tommy La Stella","SFG","24.9%","55.9%","39.3%","84.1%","91.8%","89.2%","46.3%","57.0%","4.3%","24.0%","28.2%","12371"
"Madison Bumgarner","ARI","25.0%","62.7%","40.9%","31.4%","56.3%","47.5%","42.1%","61.5%","21.5%","18.6%","40.1%","5524"
"Kyle Hendricks","CHC","25.0%","45.9%","36.5%","69.6%","84.3%","79.7%","54.7%","82.0%","7.4%","30.5%","37.9%","12049"
"Jose Godoy","SEA","25.0%","58.3%","39.3%","58.3%","83.3%","74.2%","42.9%","50.0%","10.1%","21.4%","31.5%","15808"
"Jonathan India","CIN","25.0%","58.2%","39.0%","61.0%","86.7%","77.2%","42.2%","55.2%","8.9%","21.4%","30.3%","21523"
"Eric Sogard","CHC","25.1%","58.8%","41.8%","75.6%","96.5%","90.1%","49.6%","65.6%","4.1%","24.3%","28.4%","7927"
"Ryan McKenna","BAL","25.2%","68.5%","43.8%","55.8%","74.0%","68.0%","42.9%","64.0%","14.0%","17.3%","31.3%","19928"
"Chris Gittens","NYY","25.2%","61.1%","39.3%","50.0%","75.0%","65.3%","39.3%","77.3%","13.7%","20.2%","33.9%","18482"
"Ehire Adrianza","ATL","25.3%","68.3%","44.8%","61.7%","88.8%","80.5%","45.4%","56.0%","8.7%","17.5%","26.2%","8418"
"Matt Duffy","CHC","25.3%","63.1%","42.4%","70.5%","93.6%","86.1%","45.2%","59.6%","5.9%","20.6%","26.5%","13836"
"Matt Joyce","PHI","25.3%","68.9%","44.9%","55.3%","78.6%","71.3%","44.9%","55.1%","12.9%","16.5%","29.4%","3353"
"Max Kepler","MIN","25.3%","71.3%","44.6%","64.5%","86.5%","79.2%","42.0%","55.5%","9.3%","14.8%","24.1%","12144"
"Kyle Lewis","SEA","25.4%","76.3%","47.0%","56.8%","73.5%","68.3%","42.5%","56.5%","14.9%","15.7%","30.6%","19508"
"Chi Chi Gonzalez","COL","25.4%","55.6%","39.3%","31.3%","83.3%","65.2%","46.2%","55.9%","13.7%","31.6%","45.3%","14663"
"Tyler Nevin","BAL","25.5%","57.1%","36.1%","64.3%","87.5%","76.7%","33.7%","50.0%","8.4%","20.5%","28.9%","17893"
"J.P. Crawford","SEA","25.5%","65.5%","44.0%","74.3%","92.2%","86.6%","46.3%","59.8%","5.9%","18.7%","24.5%","15491"
"Jake Cave","MIN","25.5%","68.1%","45.3%","45.9%","82.5%","71.5%","46.6%","59.6%","12.9%","17.5%","30.5%","14477"
"Luis Guillorme","NYM","25.5%","57.8%","39.6%","80.0%","92.8%","88.2%","43.7%","62.2%","4.7%","21.2%","25.9%","16451"
"DJ LeMahieu","NYY","25.6%","62.1%","41.4%","78.5%","92.6%","87.6%","43.2%","61.1%","5.1%","20.8%","25.9%","9874"
"Jed Lowrie","OAK","25.6%","73.0%","46.5%","60.7%","85.5%","77.9%","44.2%","58.0%","10.3%","14.5%","24.7%","4418"
"Alfonso Rivas III","CHC","25.6%","64.7%","41.4%","56.3%","83.6%","73.6%","40.5%","44.9%","11.0%","19.5%","30.5%","21560"
"Jurickson Profar","SDP","25.6%","66.4%","43.5%","71.9%","88.3%","82.9%","43.9%","56.6%","7.4%","17.3%","24.7%","10815"
"Chris Paddack","SDP","25.6%","45.9%","36.2%","30.0%","64.1%","52.5%","52.1%","61.9%","17.2%","28.2%","45.4%","20099"
"Austin Barnes","LAD","25.7%","67.5%","44.0%","63.3%","82.2%","76.0%","43.9%","56.9%","10.6%","17.2%","27.8%","12158"
"Marcus Semien","TOR","25.8%","71.6%","45.1%","63.5%","89.1%","80.6%","42.1%","59.5%","8.7%","15.8%","24.5%","12533"
"Steven Duggar","SFG","25.8%","61.4%","41.1%","55.7%","83.2%","73.4%","43.0%","56.9%","10.9%","20.1%","31.0%","17719"
"Dom Nunez","COL","25.9%","61.9%","40.9%","51.8%","79.8%","69.5%","41.8%","60.1%","12.5%","19.9%","32.4%","15055"
"J.A. Happ","- - -","25.9%","53.1%","40.7%","42.9%","94.1%","79.2%","54.2%","66.7%","8.5%","28.8%","37.3%","7410"
"Drew Ellis","ARI","25.9%","67.5%","45.8%","58.3%","75.4%","70.4%","47.7%","57.8%","13.6%","17.8%","31.4%","19873"
"Edwin Rios","LAD","26.0%","70.2%","45.5%","58.8%","74.0%","69.2%","44.3%","63.3%","14.0%","18.3%","32.3%","18316"
"Ha-seong Kim","SDP","26.0%","64.7%","44.1%","69.9%","85.2%","80.5%","46.9%","68.5%","8.6%","21.6%","30.3%","27506"
"Brian Goodwin","CHW","26.0%","65.0%","42.1%","63.9%","82.9%","76.0%","41.2%","57.2%","10.1%","17.8%","27.9%","12858"
"Riley Adams","- - -","26.0%","60.7%","39.0%","44.3%","90.2%","71.0%","37.3%","63.3%","11.3%","21.5%","32.8%","19864"
"Carson Kelly","ARI","26.1%","63.0%","42.0%","61.0%","84.8%","76.4%","43.2%","55.7%","9.9%","20.0%","29.9%","13620"
"Trevor Bauer","LAD","26.1%","58.2%","41.9%","66.7%","76.9%","73.7%","49.3%","55.9%","11.0%","22.1%","33.1%","12703"
"Caleb Smith","ARI","26.1%","42.0%","34.4%","33.3%","85.7%","66.7%","52.1%","68.0%","11.5%","33.3%","44.8%","14875"
"Jake McCarthy","ARI","26.2%","70.3%","44.7%","39.5%","73.5%","61.9%","41.8%","54.3%","17.0%","14.5%","31.6%","21622"
"Josh Donaldson","MIN","26.3%","71.5%","45.1%","61.5%","81.5%","74.8%","41.7%","57.6%","11.4%","14.9%","26.3%","5038"
"Ian Happ","CHC","26.3%","68.7%","43.8%","52.6%","79.9%","70.3%","41.2%","58.3%","13.0%","17.0%","30.0%","17919"
"Gavin Lux","LAD","26.3%","72.2%","46.6%","57.5%","88.5%","78.7%","44.1%","57.2%","9.9%","16.3%","26.2%","19955"
"LaMonte Wade Jr.","SFG","26.4%","70.0%","45.6%","64.9%","90.0%","81.9%","44.0%","59.8%","8.2%","16.6%","24.9%","18126"
"Carlos Santana","KCR","26.5%","68.5%","43.4%","68.5%","85.8%","79.5%","40.2%","57.1%","8.9%","15.3%","24.2%","2396"
"Jacob Stallings","PIT","26.5%","68.1%","42.4%","59.4%","90.0%","78.2%","38.2%","60.2%","9.3%","18.6%","27.9%","13723"
"Matt Chapman","OAK","26.6%","69.3%","44.6%","61.7%","75.0%","70.4%","42.3%","59.8%","13.2%","17.0%","30.2%","16505"
"Nick Martini","CHC","26.6%","72.6%","46.6%","62.1%","91.8%","82.2%","43.5%","55.6%","8.3%","14.0%","22.3%","12005"
"D.J. Stewart","BAL","26.6%","73.8%","46.8%","51.0%","81.4%","71.5%","42.8%","60.7%","13.3%","13.4%","26.7%","17766"
"Justin Steele","CHC","26.7%","58.8%","43.8%","75.0%","90.0%","85.7%","53.1%","84.6%","6.3%","15.6%","21.9%","17312"
"Max Fried","ATL","26.7%","60.2%","44.6%","51.6%","77.5%","70.3%","53.4%","59.7%","13.3%","19.3%","32.5%","13743"
"Oscar Mercado","CLE","26.7%","73.1%","47.2%","57.8%","81.8%","74.2%","44.1%","63.4%","12.2%","14.3%","26.5%","16375"
"Austin Dean","STL","26.7%","63.8%","41.8%","51.9%","88.6%","74.6%","40.6%","57.9%","10.6%","19.4%","30.0%","18288"
"Cole Tucker","PIT","26.8%","71.9%","46.3%","52.6%","87.4%","75.9%","43.2%","60.3%","11.1%","15.2%","26.4%","17326"
"Nathaniel Lowe","TEX","26.9%","67.9%","44.7%","67.0%","85.4%","79.1%","43.4%","59.0%","9.3%","16.8%","26.1%","19566"
"Jake Cronenworth","SDP","26.9%","62.6%","42.7%","74.8%","94.1%","87.3%","44.3%","60.2%","5.4%","20.2%","25.6%","18036"
"Jake Rogers","DET","26.9%","65.5%","44.3%","49.4%","70.9%","63.7%","45.0%","66.9%","16.0%","19.1%","35.1%","19452"
"Max Stassi","LAA","27.0%","67.1%","44.3%","54.9%","79.8%","71.2%","43.1%","60.8%","12.8%","18.5%","31.3%","10059"
"Jorge Soler","- - -","27.0%","71.3%","44.4%","52.4%","84.8%","72.9%","39.3%","58.3%","12.1%","14.9%","26.9%","14221"
"Carlos Correa","HOU","27.0%","62.8%","42.1%","65.4%","89.4%","80.5%","42.1%","57.7%","8.2%","19.5%","27.7%","14162"
"Pablo Reyes","MIL","27.0%","60.7%","40.7%","71.9%","90.9%","83.4%","40.7%","59.8%","6.7%","20.8%","27.5%","16357"
"Max Moroff","STL","27.0%","68.8%","46.4%","30.0%","63.6%","53.1%","46.4%","50.0%","21.7%","18.8%","40.6%","14556"
"Aaron Judge","NYY","27.0%","67.5%","42.5%","56.7%","84.2%","73.4%","38.2%","59.4%","11.3%","17.0%","28.3%","15640"
"Lorenzo Cain","MIL","27.0%","67.1%","44.6%","58.1%","91.6%","80.2%","43.9%","59.8%","8.8%","17.3%","26.1%","9077"
"Jake Hager","- - -","27.1%","67.3%","41.8%","43.5%","78.8%","64.3%","36.6%","56.7%","14.9%","16.4%","31.3%","12198"
"George Springer","TOR","27.1%","71.6%","45.7%","57.4%","84.2%","75.0%","41.9%","60.8%","11.4%","14.4%","25.8%","12856"
"Garrett Hampson","COL","27.1%","64.6%","44.3%","56.8%","87.7%","77.5%","45.8%","60.5%","10.0%","19.6%","29.5%","19262"
"Anthony Rendon","LAA","27.2%","70.4%","46.5%","73.9%","90.0%","84.8%","44.8%","62.2%","7.1%","16.5%","23.5%","12861"
"Ben Gamel","- - -","27.2%","65.7%","44.1%","51.2%","87.6%","75.0%","43.9%","60.5%","11.0%","17.3%","28.3%","12160"
"Yoan Moncada","CHW","27.2%","65.5%","42.6%","57.6%","84.4%","74.1%","40.2%","55.5%","11.0%","17.7%","28.7%","17232"
"Buster Posey","SFG","27.2%","68.7%","44.5%","69.5%","82.5%","77.9%","41.7%","56.4%","9.8%","16.7%","26.6%","9166"
"Deven Marrero","MIA","27.3%","84.4%","48.3%","33.3%","92.6%","71.4%","36.8%","47.4%","13.8%","11.5%","25.3%","13325"
"Martin Maldonado","HOU","27.3%","62.4%","42.8%","54.6%","82.3%","72.4%","44.0%","62.9%","11.8%","20.5%","32.3%","6887"
"Austin Slater","SFG","27.3%","66.3%","45.0%","57.6%","78.8%","71.8%","45.5%","66.7%","12.7%","19.9%","32.7%","16153"
"Abraham Almonte","ATL","27.4%","64.8%","43.0%","68.0%","85.9%","79.3%","41.7%","62.9%","8.9%","18.1%","27.0%","5486"
"Bradley Zimmer","CLE","27.4%","67.3%","43.9%","44.8%","78.3%","66.1%","41.4%","62.6%","14.9%","17.4%","32.3%","16221"
"Chris Owings","COL","27.4%","71.6%","45.9%","45.2%","72.4%","62.9%","41.8%","58.0%","17.0%","17.5%","34.5%","10030"
"Jake Lamb","- - -","27.4%","66.9%","44.4%","60.7%","87.8%","78.2%","42.9%","62.4%","9.7%","17.7%","27.4%","13329"
"Josh Bell","WSN","27.4%","75.5%","46.7%","64.9%","84.2%","77.4%","40.1%","58.3%","10.5%","13.1%","23.6%","13145"
"Tom Murphy","SEA","27.4%","68.2%","44.3%","52.6%","78.0%","68.8%","41.3%","60.6%","13.8%","16.3%","30.2%","13499"
"Dylan Carlson","STL","27.5%","68.8%","44.9%","58.5%","82.9%","74.3%","42.1%","59.0%","11.5%","17.3%","28.9%","20126"
"Eugenio Suarez","CIN","27.5%","66.1%","42.7%","50.6%","85.4%","71.9%","39.6%","62.2%","12.0%","17.5%","29.5%","12552"
"Jose Ramirez","CLE","27.5%","65.7%","42.9%","76.5%","93.2%","86.8%","40.4%","51.1%","5.6%","17.6%","23.3%","13510"
"Mike Yastrzemski","SFG","27.5%","68.7%","45.6%","63.9%","84.5%","77.6%","43.9%","58.3%","10.2%","16.5%","26.8%","14854"
"Gleyber Torres","NYY","27.5%","73.3%","46.7%","63.3%","82.8%","76.1%","41.9%","57.4%","11.2%","15.3%","26.4%","16997"
"Brandon Woodruff","MIL","27.5%","57.1%","43.0%","46.7%","69.1%","62.2%","52.2%","56.9%","16.2%","24.6%","40.8%","16162"
"Estevan Florial","NYY","27.5%","73.2%","44.5%","52.6%","76.7%","67.3%","37.3%","52.0%","14.5%","12.7%","27.3%","19151"
"Luis Arraez","MIN","27.6%","62.4%","43.2%","84.6%","93.5%","90.4%","45.1%","63.3%","4.2%","19.3%","23.4%","18568"
"Michael Conforto","NYM","27.6%","68.7%","44.2%","69.2%","83.5%","78.2%","40.6%","59.5%","9.6%","16.3%","26.0%","16376"
"Tony Wolters","CHC","27.6%","44.9%","34.4%","57.1%","77.3%","67.4%","39.2%","43.3%","11.2%","24.0%","35.2%","11470"
"Enrique Hernandez","BOS","27.6%","68.9%","44.6%","60.2%","87.8%","77.7%","41.1%","58.5%","9.9%","16.5%","26.4%","10472"
"Akil Baddoo","DET","27.7%","70.4%","45.9%","59.4%","78.6%","72.0%","42.7%","57.9%","12.9%","14.9%","27.8%","22168"
"Ka'ai Tom","- - -","27.7%","68.0%","45.4%","49.4%","79.3%","69.1%","44.0%","61.7%","14.1%","17.2%","31.2%","18136"
"Kyle Garlick","MIN","27.7%","69.2%","46.4%","51.5%","83.0%","72.6%","45.0%","50.5%","12.7%","16.9%","29.6%","18063"
"Justin Upton","LAA","27.7%","68.9%","44.9%","56.1%","79.8%","71.3%","41.6%","57.7%","12.9%","16.9%","29.8%","5222"
"Brock Holt","TEX","27.8%","62.9%","42.4%","72.3%","88.1%","82.0%","41.6%","56.2%","7.6%","20.7%","28.3%","9345"
"Mark Payton","CIN","27.8%","67.6%","44.0%","53.3%","80.0%","70.0%","40.7%","62.5%","13.2%","17.6%","30.8%","16042"
"Jesse Winker","CIN","27.8%","69.7%","44.9%","73.2%","87.5%","82.2%","40.6%","58.1%","8.0%","15.3%","23.2%","13590"
"Trevor Larnach","MIN","27.8%","66.9%","43.8%","38.2%","77.7%","62.9%","41.0%","55.8%","16.3%","18.1%","34.4%","21501"
"Chadwick Tromp","SFG","27.9%","70.6%","46.8%","75.0%","79.2%","77.8%","44.2%","44.4%","10.4%","16.9%","27.3%","16953"
"Chance Sisco","- - -","28.0%","73.0%","49.1%","63.8%","74.1%","71.0%","46.8%","65.1%","14.2%","15.2%","29.4%","15694"
"David Price","LAD","28.0%","80.0%","54.0%","57.1%","85.0%","77.8%","50.0%","55.6%","12.0%","12.0%","24.0%","3184"
"Justin Turner","LAD","28.0%","68.4%","44.5%","74.1%","89.8%","84.0%","40.8%","55.4%","7.1%","16.8%","23.9%","5235"
"Steven Souza Jr.","LAD","28.0%","61.5%","42.9%","47.8%","97.5%","79.4%","44.2%","61.1%","8.8%","21.1%","29.9%","5667"
"Freddy Peralta","MIL","28.0%","48.2%","38.2%","52.2%","55.0%","54.0%","50.3%","68.9%","17.6%","28.5%","46.1%","18679"
"Jose Lobaton","CHC","28.1%","84.0%","52.6%","22.2%","71.4%","56.7%","43.9%","76.9%","22.8%","12.3%","35.1%","4243"
"Jordy Mercer","WSN","28.1%","60.9%","42.6%","56.5%","92.4%","79.1%","44.1%","54.3%","8.9%","21.5%","30.4%","6547"
"Paul Goldschmidt","STL","28.1%","66.1%","44.2%","71.6%","81.1%","77.6%","42.3%","57.1%","9.9%","18.6%","28.5%","9218"
"Yoshi Tsutsugo","- - -","28.2%","67.7%","45.2%","64.0%","80.8%","74.8%","43.1%","59.2%","11.4%","17.4%","28.8%","27459"
"Brad Miller","PHI","28.2%","69.2%","45.8%","56.9%","79.0%","71.2%","42.8%","59.4%","13.2%","16.2%","29.4%","12775"
"Chas McCormick","HOU","28.2%","69.4%","46.4%","50.5%","73.9%","65.9%","44.2%","57.5%","15.8%","17.8%","33.6%","19599"
"Nicky Lopez","KCR","28.2%","64.3%","44.4%","75.0%","92.8%","86.5%","44.7%","61.9%","6.0%","19.1%","25.1%","19339"
"Isan Diaz","MIA","28.2%","64.3%","43.6%","46.6%","82.5%","69.1%","42.4%","57.8%","13.5%","17.8%","31.2%","17922"
"Kwang-hyun Kim","STL","28.3%","52.6%","41.7%","84.6%","86.7%","86.0%","55.3%","65.5%","5.8%","25.2%","31.1%","27458"
"Matt Olson","OAK","28.3%","73.8%","46.9%","68.5%","84.1%","78.6%","40.9%","53.9%","10.1%","13.4%","23.5%","14344"
"Vladimir Guerrero Jr.","TOR","28.3%","76.1%","47.3%","55.8%","84.0%","73.9%","39.7%","62.8%","12.4%","12.7%","25.0%","19611"
"Rafael Ortega","CHC","28.3%","67.5%","44.2%","64.0%","90.7%","80.5%","40.5%","56.7%","8.6%","17.4%","26.0%","10323"
"Victor Robles","WSN","28.3%","70.1%","46.5%","58.5%","85.3%","76.1%","43.6%","62.3%","11.1%","15.8%","26.9%","18363"
"Alejandro Kirk","TOR","28.4%","65.4%","44.8%","74.6%","86.2%","82.1%","44.4%","64.6%","8.0%","19.8%","27.8%","22581"
"Danny Jansen","TOR","28.4%","74.6%","48.7%","68.0%","80.3%","76.3%","44.0%","62.9%","11.6%","13.8%","25.3%","16535"
"Danny Mendick","CHW","28.4%","60.3%","42.4%","69.4%","84.7%","78.9%","44.0%","57.5%","8.9%","19.7%","28.6%","18889"
"Daz Cameron","DET","28.4%","66.5%","44.3%","57.8%","79.1%","71.2%","41.7%","54.8%","12.9%","16.5%","29.4%","18353"
"Bryan Reynolds","PIT","28.4%","78.2%","48.8%","58.7%","87.8%","77.8%","40.9%","56.8%","10.8%","12.3%","23.1%","19326"
"Corbin Burnes","MIL","28.4%","45.4%","37.7%","67.7%","83.1%","77.8%","54.4%","64.4%","8.4%","31.8%","40.2%","19361"
"Manny Pina","MIL","28.5%","63.9%","42.9%","56.3%","90.9%","77.3%","40.8%","62.0%","9.7%","18.5%","28.2%","2829"
"Jonathan Lucroy","- - -","28.6%","43.9%","36.1%","58.3%","94.4%","80.0%","49.4%","65.2%","7.2%","28.9%","36.1%","7870"
"Kyle Freeland","COL","28.6%","62.1%","46.7%","37.5%","68.3%","59.6%","54.1%","82.5%","18.9%","22.1%","41.0%","16256"
"Mitch White","LAD","28.6%","42.4%","36.1%","12.5%","57.1%","40.9%","54.1%","81.3%","21.3%","34.4%","55.7%","19225"
"Pavin Smith","ARI","28.7%","59.3%","42.1%","70.4%","92.2%","83.9%","43.9%","61.3%","6.8%","21.4%","28.2%","19892"
"Gary Sanchez","NYY","28.7%","65.7%","44.1%","63.0%","79.1%","73.0%","41.8%","53.4%","11.9%","18.4%","30.4%","11442"
"Michael Brantley","HOU","28.7%","67.2%","45.5%","83.1%","93.8%","90.0%","43.7%","63.2%","4.6%","19.1%","23.7%","4106"
"Randy Arozarena","TBR","28.8%","67.5%","44.0%","58.8%","76.0%","69.2%","39.4%","57.9%","13.6%","17.1%","30.7%","19290"
"Shed Long Jr.","SEA","28.8%","70.8%","46.5%","57.8%","81.8%","73.2%","42.1%","62.8%","12.5%","16.7%","29.2%","16542"
"Vince Velasquez","- - -","28.8%","69.0%","46.8%","53.3%","86.2%","75.0%","44.7%","80.0%","11.7%","20.2%","31.9%","11189"
"Grayson Greiner","DET","28.9%","67.1%","44.8%","41.4%","72.9%","61.0%","41.6%","53.7%","17.4%","16.9%","34.3%","17062"
"Kevin Gausman","SFG","28.9%","49.6%","38.9%","40.0%","80.4%","64.8%","48.3%","72.6%","13.7%","24.4%","38.0%","14107"
"Evan White","SEA","28.9%","72.4%","48.2%","59.1%","82.4%","74.6%","44.3%","67.3%","12.2%","16.9%","29.1%","20078"
"Mitch Moreland","OAK","29.0%","72.9%","47.7%","50.0%","83.3%","71.7%","42.6%","56.7%","13.5%","15.1%","28.6%","3086"
"Austin Meadows","TBR","29.0%","71.5%","46.7%","60.8%","86.5%","77.2%","41.6%","58.7%","10.7%","15.2%","25.9%","15672"
"Cesar Hernandez","- - -","29.0%","68.9%","46.3%","64.6%","88.7%","80.1%","43.4%","61.2%","9.2%","16.1%","25.3%","10556"
"Ryan McMahon","COL","29.1%","74.4%","48.8%","58.9%","80.3%","73.1%","43.5%","65.1%","13.1%","13.5%","26.6%","15112"
"Luke Williams","PHI","29.1%","66.5%","45.3%","69.1%","94.1%","85.0%","43.3%","53.7%","6.8%","17.9%","24.7%","19931"
"Dansby Swanson","ATL","29.1%","74.0%","48.1%","57.2%","81.0%","72.7%","42.3%","61.4%","13.1%","15.0%","28.1%","18314"
"Jason Martin","TEX","29.1%","73.0%","49.2%","58.3%","79.3%","72.6%","45.7%","58.4%","13.5%","16.0%","29.4%","16429"
"Luis Urias","MIL","29.1%","69.4%","46.1%","71.6%","85.0%","80.1%","42.1%","60.2%","9.2%","16.9%","26.1%","16622"
"Anthony DeSclafani","SFG","29.2%","47.3%","37.9%","45.7%","75.5%","63.6%","48.3%","69.4%","13.8%","28.0%","41.8%","13050"
"Taylor Ward","LAA","29.2%","68.6%","47.0%","59.3%","84.9%","76.2%","45.2%","64.6%","11.2%","17.6%","28.8%","17548"
"Willie Calhoun","TEX","29.3%","65.6%","44.3%","78.9%","89.9%","85.7%","41.5%","60.2%","6.4%","18.0%","24.4%","17838"
"Matt Vierling","PHI","29.3%","63.2%","44.7%","62.5%","88.4%","79.1%","45.3%","66.2%","9.3%","21.3%","30.7%","21558"
"Josiah Gray","- - -","29.3%","57.9%","43.0%","33.3%","63.6%","52.9%","48.1%","70.8%","20.3%","25.3%","45.6%","24580"
"Khris Davis","- - -","29.3%","83.3%","52.3%","57.9%","73.1%","68.2%","42.6%","56.1%","16.6%","11.8%","28.4%","9112"
"Eli White","TEX","29.4%","73.5%","48.5%","54.7%","80.7%","71.8%","43.5%","62.3%","13.7%","15.8%","29.5%","19346"
"Charlie Blackmon","COL","29.4%","69.5%","47.1%","68.4%","88.2%","81.3%","44.2%","61.2%","8.8%","16.2%","25.0%","7859"
"Matt Moore","PHI","29.4%","44.7%","38.3%","50.0%","76.2%","67.7%","58.0%","70.0%","12.3%","33.3%","45.7%","1890"
"Merrill Kelly","ARI","29.4%","40.6%","35.1%","33.3%","76.7%","58.9%","51.0%","65.5%","14.4%","27.4%","41.8%","11156"
"Erick Fedde","WSN","29.4%","55.7%","42.1%","72.0%","81.8%","78.3%","48.2%","81.4%","9.1%","23.8%","32.9%","17425"
"Miguel Sano","MIN","29.4%","68.5%","44.6%","43.0%","80.1%","65.2%","38.9%","60.7%","15.5%","15.8%","31.3%","12164"
"Bryce Harper","PHI","29.4%","74.5%","47.2%","54.2%","78.9%","69.5%","39.4%","55.3%","14.4%","11.9%","26.3%","11579"
"Wil Myers","SDP","29.5%","69.1%","45.9%","58.5%","77.0%","70.1%","41.4%","65.4%","13.7%","17.8%","31.5%","10047"
"Travis Shaw","- - -","29.5%","68.9%","46.2%","65.2%","82.7%","76.2%","42.4%","54.0%","11.0%","16.0%","27.0%","11982"
"Todd Frazier","PIT","29.5%","69.2%","45.6%","71.4%","91.1%","83.6%","40.6%","52.5%","7.5%","15.6%","23.1%","785"
"J.D. Davis","NYM","29.5%","79.0%","50.1%","46.4%","68.9%","61.2%","41.7%","61.6%","19.4%","11.0%","30.4%","16219"
"Seth Brown","OAK","29.5%","66.9%","44.8%","48.6%","82.0%","69.0%","41.0%","57.7%","13.9%","16.4%","30.3%","18171"
"Guillermo Heredia","ATL","29.5%","77.0%","48.8%","51.9%","88.1%","75.2%","40.7%","59.7%","12.1%","12.4%","24.5%","18721"
"Max Scherzer","- - -","29.5%","58.9%","44.3%","61.1%","68.5%","66.1%","50.4%","61.9%","15.0%","21.1%","36.2%","3137"
"Kyle Gibson","- - -","29.5%","58.8%","45.3%","46.2%","90.0%","76.7%","53.7%","56.7%","10.5%","24.2%","34.7%","10123"
"Miguel Rojas","MIA","29.5%","67.6%","45.6%","67.2%","90.7%","81.9%","42.3%","57.0%","8.2%","17.2%","25.4%","7802"
"Phillip Evans","PIT","29.6%","68.6%","44.7%","61.9%","88.3%","77.6%","38.8%","58.3%","10.0%","16.9%","26.9%","12950"
"Chad Pinder","OAK","29.6%","74.0%","49.0%","62.9%","80.9%","74.8%","43.7%","59.2%","12.4%","14.2%","26.6%","15191"
"Wilmer Flores","SFG","29.6%","70.2%","46.0%","76.1%","90.2%","84.8%","40.4%","65.4%","7.0%","17.9%","24.9%","5827"
"Franmil Reyes","CLE","29.7%","70.0%","45.3%","54.6%","78.0%","68.6%","38.8%","54.9%","14.2%","15.5%","29.7%","14566"
"Aristides Aquino","CIN","29.7%","68.7%","45.1%","43.0%","76.3%","63.1%","39.5%","59.8%","16.6%","15.6%","32.2%","15482"
"Tres Barrera","WSN","29.7%","73.9%","49.6%","57.4%","89.2%","78.7%","45.1%","67.3%","10.6%","14.6%","25.2%","19977"
"Ke'Bryan Hayes","PIT","29.7%","62.5%","43.5%","63.3%","91.8%","80.5%","42.0%","62.1%","8.5%","19.8%","28.3%","18577"
"Freddie Freeman","ATL","29.7%","80.7%","51.1%","74.1%","84.4%","80.9%","42.0%","57.3%","9.7%","10.6%","20.4%","5361"
"Victor Caratini","SDP","29.7%","66.1%","44.8%","56.6%","88.9%","76.4%","41.5%","56.5%","10.6%","17.3%","27.9%","14968"
"Alex Verdugo","BOS","29.7%","64.4%","44.7%","72.2%","90.7%","83.7%","43.2%","56.6%","7.3%","19.2%","26.4%","17027"
"Nick Fortes","MIA","29.7%","59.3%","42.9%","63.6%","94.3%","82.5%","44.4%","67.6%","7.5%","21.8%","29.3%","21538"
"Yuli Gurriel","HOU","29.8%","62.2%","42.8%","81.9%","92.5%","88.1%","40.1%","59.7%","5.1%","18.6%","23.7%","19198"
"Santiago Espinal","TOR","29.8%","68.1%","46.8%","72.8%","92.4%","85.5%","44.4%","59.8%","6.8%","16.3%","23.1%","19997"
"Rhys Hoskins","PHI","29.8%","64.3%","44.4%","62.8%","83.2%","75.3%","42.2%","59.8%","11.0%","17.5%","28.5%","16472"
"Marcell Ozuna","ATL","29.8%","75.3%","48.5%","63.9%","80.4%","74.5%","41.2%","60.6%","12.4%","14.6%","27.0%","10324"
"Jake Bauers","- - -","29.8%","69.0%","47.4%","57.7%","86.2%","76.3%","44.8%","60.0%","11.2%","16.9%","28.1%","15194"
"Adam Frazier","- - -","29.8%","69.5%","47.6%","80.2%","93.3%","88.7%","44.7%","62.4%","5.4%","17.0%","22.4%","15223"
"Emmanuel Rivera","KCR","29.8%","74.6%","47.0%","54.4%","90.6%","76.4%","38.4%","52.0%","11.1%","15.9%","27.0%","19890"
"Leody Taveras","TEX","29.8%","68.5%","47.7%","66.7%","79.5%","75.1%","46.1%","70.8%","11.8%","16.4%","28.2%","18900"
"Francisco Lindor","NYM","29.9%","72.2%","47.1%","64.1%","85.6%","77.5%","40.5%","58.0%","10.6%","14.0%","24.6%","12916"
"Thairo Estrada","SFG","30.0%","68.2%","46.1%","68.5%","91.2%","82.7%","42.2%","57.6%","8.0%","15.2%","23.2%","16426"
"Kevin Plawecki","BOS","30.0%","67.3%","46.3%","76.2%","90.2%","85.1%","43.7%","63.0%","6.9%","18.3%","25.2%","13807"
"Scott Heineman","CIN","30.0%","66.1%","43.8%","29.6%","78.4%","57.8%","38.4%","55.9%","18.5%","17.8%","36.3%","14453"
"Joey Lucchesi","NYM","30.0%","37.5%","34.1%","50.0%","33.3%","40.0%","54.5%","81.8%","20.5%","34.1%","54.5%","19320"
"Cedric Mullins II","BAL","30.0%","64.5%","45.1%","71.7%","87.8%","81.7%","43.6%","59.1%","8.2%","17.3%","25.5%","17929"
"Gilberto Celestino","MIN","30.1%","66.7%","46.0%","72.5%","85.3%","80.6%","43.4%","66.1%","8.9%","19.6%","28.5%","20233"
"Jay Bruce","NYY","30.1%","71.2%","48.2%","57.1%","75.0%","68.8%","44.0%","61.5%","15.1%","15.1%","30.1%","9892"
"Andrew Velazquez","NYY","30.1%","74.4%","49.8%","52.3%","77.0%","68.7%","44.5%","70.6%","15.6%","14.8%","30.4%","14196"
"Kyle Higashioka","NYY","30.1%","71.4%","46.6%","49.3%","84.1%","70.5%","39.8%","63.5%","13.7%","17.2%","30.9%","5517"
"Shohei Ohtani","LAA","30.1%","72.0%","45.8%","52.8%","77.3%","67.2%","37.4%","57.1%","15.0%","14.4%","29.4%","19755"
"Yordan Alvarez","HOU","30.3%","62.1%","43.0%","62.8%","91.1%","79.1%","40.0%","55.5%","9.0%","19.4%","28.4%","19556"
"Jose Marmolejos","SEA","30.3%","66.3%","43.8%","54.5%","84.1%","71.2%","37.4%","50.8%","12.6%","16.0%","28.6%","15767"
"Jose Rojas","LAA","30.3%","66.1%","45.5%","58.6%","86.3%","75.7%","42.3%","59.8%","11.1%","17.1%","28.1%","19331"
"Kris Bryant","- - -","30.3%","76.8%","48.7%","54.1%","86.3%","74.1%","39.5%","60.8%","12.6%","13.4%","26.0%","15429"
"Ketel Marte","ARI","30.4%","67.5%","46.0%","73.5%","91.7%","84.7%","41.9%","57.8%","7.0%","17.2%","24.2%","13613"
"Sam Hilliard","COL","30.4%","70.5%","47.0%","47.5%","67.4%","59.8%","41.5%","56.3%","18.9%","15.6%","34.5%","17954"
"Adrian Houser","MIL","30.4%","44.4%","37.4%","17.9%","52.5%","38.2%","49.5%","65.2%","23.1%","30.8%","53.8%","12718"
"David Peralta","ARI","30.5%","67.6%","46.4%","64.6%","90.1%","80.6%","42.9%","57.6%","9.0%","17.2%","26.2%","2136"
"Shogo Akiyama","CIN","30.5%","64.0%","44.1%","72.3%","85.8%","80.2%","40.7%","57.4%","8.7%","19.7%","28.4%","27461"
"Garrett Cooper","MIA","30.5%","68.1%","45.9%","65.7%","83.8%","76.7%","40.8%","56.8%","10.7%","16.6%","27.3%","15279"
"Stuart Fairchild","ARI","30.6%","76.0%","49.2%","45.5%","78.9%","66.7%","41.0%","47.1%","16.4%","11.5%","27.9%","20321"
"Kevin Newman","PIT","30.6%","62.2%","44.4%","79.2%","94.7%","88.7%","43.7%","60.8%","5.0%","20.5%","25.5%","17696"
"Willson Contreras","CHC","30.7%","66.0%","45.0%","47.4%","81.8%","67.8%","40.6%","59.6%","14.5%","16.0%","30.5%","11609"
"Trea Turner","- - -","30.7%","73.6%","49.2%","63.1%","88.1%","79.2%","43.1%","66.6%","10.2%","16.0%","26.2%","16252"
"Brandon Marsh","LAA","30.7%","64.2%","45.2%","44.9%","83.6%","68.7%","43.2%","64.2%","14.2%","18.3%","32.4%","20202"
"Jarrod Dyson","- - -","30.7%","68.1%","48.3%","67.0%","84.4%","78.5%","47.0%","63.8%","10.4%","17.3%","27.7%","4866"
"Kyle Tucker","HOU","30.8%","82.6%","52.4%","69.6%","88.4%","82.0%","41.7%","58.0%","9.4%","10.3%","19.8%","18345"
"Stephen Vogt","- - -","30.8%","66.3%","45.7%","66.9%","80.9%","75.4%","42.1%","53.8%","11.2%","17.1%","28.4%","5000"
"Robel Garcia","HOU","30.9%","65.3%","45.8%","40.5%","71.1%","59.4%","43.4%","65.8%","18.5%","18.5%","37.1%","13167"
"Luis Torrens","SEA","30.9%","64.6%","45.3%","63.6%","81.1%","74.3%","42.7%","61.4%","11.6%","20.4%","32.0%","15905"
"Alec Bohm","PHI","30.9%","74.8%","48.9%","68.9%","80.3%","76.0%","41.0%","61.6%","11.7%","14.8%","26.5%","21618"
"Sam Haggerty","SEA","30.9%","69.3%","47.7%","45.0%","87.5%","72.0%","43.6%","56.4%","13.4%","17.2%","30.5%","18054"
"Starlin Castro","WSN","30.9%","65.7%","46.1%","65.3%","88.9%","80.0%","43.7%","60.7%","9.2%","18.5%","27.7%","4579"
"Robinson Chirinos","CHC","31.0%","69.6%","48.3%","55.7%","77.1%","69.5%","44.8%","61.6%","14.7%","15.4%","30.1%","3142"
"Ben Rortvedt","MIN","31.0%","66.2%","45.3%","52.1%","80.8%","69.1%","40.7%","57.1%","14.0%","17.9%","31.9%","20287"
"Jake Meyers","HOU","31.0%","68.3%","46.0%","57.4%","86.0%","74.4%","40.0%","61.3%","11.8%","18.2%","29.9%","20308"
"Kole Calhoun","ARI","31.1%","82.1%","51.6%","55.9%","77.4%","69.7%","40.3%","53.8%","15.7%","10.2%","25.9%","11200"
"Travis d'Arnaud","ATL","31.2%","77.2%","51.8%","59.3%","87.4%","78.1%","44.8%","66.4%","11.4%","14.3%","25.7%","7739"
"Tommy Edman","STL","31.2%","67.6%","47.3%","76.0%","92.6%","86.5%","44.3%","56.7%","6.4%","18.3%","24.7%","19470"
"Pedro Severino","BAL","31.2%","70.8%","47.9%","52.9%","84.8%","72.7%","42.1%","62.1%","13.0%","16.2%","29.3%","14523"
"Matt Beaty","LAD","31.2%","65.2%","45.8%","66.5%","91.5%","81.7%","42.8%","61.5%","8.4%","18.6%","27.0%","17710"
"Cody Poteet","MIA","31.3%","85.0%","61.1%","60.0%","70.6%","68.2%","55.6%","63.6%","19.4%","8.3%","27.8%","18769"
"Mike Brosseau","TBR","31.3%","69.8%","46.9%","59.6%","81.3%","72.7%","40.7%","53.3%","12.8%","16.5%","29.3%","19683"
"Jason Vosler","SFG","31.3%","74.8%","50.2%","54.4%","80.8%","71.4%","43.3%","52.4%","14.3%","13.7%","28.0%","16686"
"Taylor Trammell","SEA","31.4%","68.8%","47.5%","39.6%","70.0%","58.5%","43.1%","57.3%","19.7%","15.0%","34.8%","19960"
"Patrick Corbin","WSN","31.4%","63.5%","48.2%","45.5%","79.5%","68.9%","52.3%","69.8%","15.0%","20.5%","35.5%","9323"
"Jackie Bradley Jr.","MIL","31.4%","68.7%","47.7%","48.8%","78.7%","67.6%","43.8%","58.9%","15.5%","16.9%","32.3%","12984"
"David Bote","CHC","31.5%","68.6%","47.4%","62.2%","85.9%","76.8%","42.7%","56.6%","11.0%","16.2%","27.1%","14593"
"Mike Zunino","TBR","31.5%","68.5%","46.8%","47.1%","74.6%","63.7%","41.3%","58.7%","17.0%","15.5%","32.5%","13265"
"Willy Adames","- - -","31.6%","73.6%","48.8%","54.2%","79.0%","69.6%","41.1%","61.1%","14.9%","13.9%","28.8%","15986"
"Michael Hermosillo","CHC","31.6%","76.7%","53.7%","50.0%","71.4%","65.0%","49.0%","76.3%","18.8%","15.4%","34.2%","16285"
"Dustin Garneau","DET","31.6%","74.1%","48.6%","65.5%","77.9%","73.0%","40.0%","52.9%","13.1%","14.8%","27.9%","9433"
"Sean Murphy","OAK","31.6%","69.3%","47.6%","55.7%","85.9%","74.3%","42.3%","63.2%","12.2%","17.1%","29.3%","19352"
"Tony Gonsolin","LAD","31.7%","61.8%","45.3%","38.5%","76.2%","61.8%","45.3%","73.7%","17.3%","18.7%","36.0%","19388"
"Wilmer Difo","PIT","31.7%","79.7%","52.9%","63.2%","80.0%","74.4%","44.3%","62.9%","13.6%","10.7%","24.3%","14320"
"Mitch Keller","PIT","31.7%","38.1%","34.9%","75.0%","79.2%","77.3%","50.0%","75.0%","7.9%","35.7%","43.7%","17594"
"Tylor Megill","NYM","31.7%","59.7%","45.6%","45.0%","59.5%","54.4%","49.6%","64.5%","20.8%","20.8%","41.6%","21318"
"Giancarlo Stanton","NYY","31.8%","63.6%","44.2%","58.4%","79.7%","70.3%","39.0%","56.5%","13.1%","17.1%","30.3%","4949"
"Blake Snell","SDP","31.8%","54.8%","46.2%","57.1%","70.0%","66.7%","62.4%","81.1%","15.4%","29.9%","45.3%","13543"
"Edward Olivares","KCR","31.8%","66.1%","44.8%","62.6%","91.3%","78.6%","37.8%","57.7%","9.6%","17.0%","26.5%","19698"
"Ender Inciarte","ATL","31.8%","72.2%","49.1%","73.4%","89.9%","83.8%","42.9%","61.8%","8.0%","15.3%","23.3%","4922"
"Gavin Sheets","CHW","31.8%","66.3%","46.2%","68.0%","89.3%","80.7%","41.8%","55.9%","8.9%","18.0%","26.9%","19901"
"Brian Anderson","MIA","31.9%","75.2%","50.1%","56.8%","82.8%","73.2%","42.0%","60.6%","13.4%","13.8%","27.2%","18289"
"Jonah Heim","TEX","31.9%","75.6%","50.0%","71.4%","86.5%","80.8%","41.4%","60.0%","9.6%","14.4%","24.0%","16930"
"Joe Musgrove","SDP","31.9%","72.2%","52.4%","40.0%","72.9%","63.0%","50.8%","75.4%","19.4%","13.1%","32.5%","12970"
"Jesus Aguilar","MIA","32.0%","62.2%","44.5%","63.2%","84.1%","75.3%","41.5%","54.1%","11.0%","18.2%","29.2%","11342"
"Paul DeJong","STL","32.0%","75.8%","50.1%","57.9%","83.4%","73.8%","41.2%","55.2%","13.1%","13.4%","26.5%","18015"
"Tucker Barnhart","CIN","32.0%","75.1%","50.3%","63.3%","83.9%","76.4%","42.4%","61.6%","11.9%","13.1%","24.9%","10200"
"Corey Seager","LAD","32.0%","84.6%","53.3%","51.1%","86.2%","73.7%","40.5%","64.1%","14.0%","8.0%","22.0%","13624"
"Andrew Vaughn","CHW","32.1%","64.4%","45.3%","61.4%","90.0%","78.0%","41.0%","59.1%","10.0%","18.5%","28.5%","26197"
"Michael Perez","PIT","32.1%","65.3%","45.9%","60.8%","86.3%","75.9%","41.7%","64.1%","11.1%","16.6%","27.6%","12977"
"Brandon Crawford","SFG","32.1%","79.5%","51.6%","55.8%","82.1%","72.5%","41.2%","60.8%","14.2%","11.4%","25.6%","5343"
"Tyler O'Neill","STL","32.1%","75.1%","49.8%","51.4%","77.3%","67.5%","41.1%","60.9%","16.2%","14.7%","30.9%","15711"
"Kolten Wong","MIL","32.1%","68.0%","47.5%","68.2%","90.5%","81.9%","42.9%","60.2%","8.6%","16.7%","25.3%","12532"
"Jonathan Villar","NYM","32.1%","74.5%","49.7%","57.6%","81.5%","72.5%","41.5%","61.6%","13.7%","13.4%","27.0%","10071"
"Christian Walker","ARI","32.2%","83.4%","53.7%","59.8%","82.9%","74.9%","42.0%","64.5%","13.5%","11.0%","24.5%","13419"
"Taijuan Walker","NYM","32.2%","47.6%","40.6%","42.9%","70.0%","60.3%","54.7%","80.4%","16.1%","27.1%","43.2%","11836"
"Luke Raley","LAD","32.2%","79.2%","53.9%","48.9%","74.7%","66.4%","46.1%","58.3%","18.1%","13.3%","31.4%","19354"
"P.J. Higgins","CHC","32.2%","58.5%","44.6%","57.9%","80.6%","72.0%","47.3%","64.0%","12.5%","23.2%","35.7%","18433"
"Bobby Bradley","CLE","32.2%","70.0%","47.8%","44.4%","74.4%","62.5%","41.0%","62.0%","17.9%","15.6%","33.5%","17278"
"Johnny Cueto","SFG","32.3%","52.5%","42.3%","80.0%","75.0%","76.9%","49.6%","70.3%","9.8%","25.2%","35.0%","6893"
"Jeimer Candelario","DET","32.3%","70.3%","47.5%","64.0%","87.7%","78.1%","40.1%","61.0%","10.4%","15.6%","26.0%","13621"
"Andrelton Simmons","MIN","32.3%","61.5%","44.6%","78.2%","89.2%","84.6%","42.2%","61.9%","6.9%","19.1%","26.0%","10847"
"Jon Gray","COL","32.3%","49.5%","40.8%","31.3%","66.7%","52.5%","49.5%","76.0%","19.4%","29.6%","49.0%","14916"
"Kelvin Gutierrez","- - -","32.3%","62.2%","45.1%","55.1%","79.9%","69.8%","42.9%","63.1%","13.6%","20.7%","34.3%","17468"
"Jose Rondon","STL","32.4%","61.0%","44.8%","72.5%","83.0%","78.7%","43.5%","64.4%","9.5%","21.5%","31.0%","14140"
"Kevin Kiermaier","TBR","32.4%","76.6%","51.2%","53.6%","81.5%","71.4%","42.6%","63.1%","14.7%","12.7%","27.3%","11038"
"Cameron Maybin","NYM","32.4%","71.7%","48.8%","37.5%","84.2%","66.1%","41.7%","69.7%","16.5%","17.3%","33.9%","5223"
"Daniel Johnson","CLE","32.4%","76.1%","50.8%","43.3%","69.6%","59.9%","42.0%","53.1%","20.4%","11.9%","32.3%","19643"
"Connor Wong","BOS","32.4%","56.0%","41.9%","50.0%","57.1%","53.8%","40.3%","64.3%","19.4%","19.4%","38.7%","19896"
"Justin Williams","STL","32.4%","62.3%","44.4%","49.5%","81.5%","67.4%","40.0%","58.4%","14.5%","17.5%","31.9%","15490"
"Wander Franco","TBR","32.5%","74.1%","49.4%","75.5%","91.0%","84.9%","40.7%","59.7%","7.4%","14.3%","21.7%","23667"
"Whit Merrifield","KCR","32.6%","73.2%","49.8%","75.8%","88.7%","83.8%","42.5%","60.4%","8.1%","15.0%","23.1%","11281"
"Troy Stokes Jr.","PIT","32.6%","69.7%","48.7%","50.0%","87.0%","73.0%","43.4%","60.0%","13.2%","15.8%","28.9%","17478"
"Nick Maton","PHI","32.6%","70.2%","50.6%","50.6%","79.7%","69.9%","47.9%","65.6%","15.2%","16.8%","32.0%","21635"
"Adam Haseley","PHI","32.7%","74.4%","51.1%","62.5%","86.2%","77.8%","44.3%","61.9%","11.4%","13.6%","25.0%","19878"
"Ryan Jeffers","MIN","32.7%","69.0%","46.3%","54.9%","79.7%","68.8%","37.6%","62.5%","14.4%","17.2%","31.6%","24618"
"David Fletcher","LAA","32.7%","61.3%","46.3%","83.5%","96.1%","91.4%","47.5%","65.4%","4.0%","21.6%","25.6%","17992"
"Clayton Kershaw","LAD","32.8%","65.6%","52.9%","80.0%","76.2%","77.1%","61.1%","69.2%","12.1%","22.9%","35.0%","2036"
"Jarred Kelenic","SEA","32.8%","68.3%","47.5%","60.2%","85.2%","75.1%","41.4%","57.8%","11.8%","16.2%","28.1%","22558"
"Brent Rooker","MIN","32.9%","70.0%","47.8%","58.1%","75.1%","68.1%","40.2%","62.9%","15.2%","16.0%","31.2%","19627"
"Anthony Alford","PIT","32.9%","71.2%","47.4%","44.8%","77.1%","63.2%","37.9%","61.5%","17.4%","16.0%","33.5%","14329"
"Manny Machado","SDP","32.9%","71.0%","48.0%","63.7%","89.7%","79.0%","39.6%","60.6%","10.1%","15.4%","25.5%","11493"
"Reese McGuire","TOR","32.9%","71.3%","50.0%","68.3%","89.7%","81.9%","44.6%","61.3%","9.0%","15.6%","24.6%","15674"
"Nick Madrigal","CHW","32.9%","59.9%","45.0%","81.6%","98.6%","91.8%","44.7%","63.7%","3.7%","21.1%","24.8%","20521"
"Jason Heyward","CHC","32.9%","61.3%","45.1%","60.7%","90.7%","78.2%","42.8%","60.1%","9.8%","19.5%","29.3%","4940"
"Anthony Rizzo","- - -","32.9%","64.7%","46.4%","72.3%","87.9%","81.5%","42.5%","57.6%","8.6%","17.8%","26.3%","3473"
"Carter Kieboom","WSN","32.9%","71.4%","49.1%","52.1%","85.3%","72.4%","42.0%","65.5%","13.6%","16.6%","30.2%","19958"
"Kyle Seager","SEA","33.0%","73.1%","49.5%","57.9%","81.7%","72.4%","41.3%","57.9%","13.7%","13.8%","27.5%","9785"
"Mitch Haniger","SEA","33.0%","65.4%","46.6%","56.0%","82.9%","71.8%","42.1%","62.1%","13.1%","17.3%","30.5%","14274"
"Luke Voit","NYY","33.0%","78.1%","51.7%","42.5%","71.9%","60.9%","41.6%","63.1%","20.2%","11.2%","31.4%","14811"
"Jonathan Arauz","BOS","33.0%","53.4%","41.4%","69.4%","88.7%","79.7%","41.4%","62.7%","8.4%","24.3%","32.7%","20275"
"Niko Goodrum","DET","33.0%","69.0%","48.4%","54.5%","75.0%","67.0%","42.8%","61.8%","16.0%","16.4%","32.4%","12092"
"Elias Diaz","COL","33.0%","74.7%","51.4%","58.9%","88.6%","77.9%","44.1%","65.5%","11.3%","13.2%","24.5%","11680"
"Nolan Arenado","STL","33.0%","67.3%","46.8%","70.4%","92.7%","83.3%","40.1%","58.5%","7.8%","16.3%","24.2%","9777"
"Eric Haase","DET","33.0%","69.2%","48.0%","54.3%","76.3%","67.4%","41.3%","62.5%","15.6%","16.7%","32.3%","14111"
"Christian Vazquez","BOS","33.1%","66.0%","47.1%","77.5%","89.1%","84.4%","42.7%","63.9%","7.3%","18.2%","25.5%","9774"
"Bobby Dalbec","BOS","33.1%","73.1%","50.4%","50.0%","72.6%","64.2%","43.3%","62.0%","18.0%","15.3%","33.3%","19966"
"J.T. Realmuto","PHI","33.1%","72.3%","49.5%","66.1%","81.4%","75.4%","41.8%","62.2%","12.2%","14.6%","26.7%","11739"
"Andrew Stevenson","WSN","33.2%","67.9%","48.2%","48.6%","90.4%","74.1%","43.3%","62.9%","12.5%","16.0%","28.4%","17932"
"Austin Hays","BAL","33.2%","64.3%","46.2%","59.2%","88.8%","76.5%","42.0%","60.5%","10.9%","18.6%","29.5%","19363"
"Patrick Wisdom","CHC","33.2%","77.1%","50.0%","47.0%","71.7%","61.6%","38.3%","57.6%","19.2%","12.6%","31.8%","13602"
"Miguel Cabrera","DET","33.2%","70.6%","49.4%","62.2%","85.2%","76.4%","43.2%","62.5%","11.6%","15.8%","27.4%","1744"
"Fernando Tatis Jr.","SDP","33.3%","80.6%","51.3%","47.8%","80.2%","67.2%","38.1%","59.7%","16.8%","10.2%","27.0%","19709"
"Pete Kozma","OAK","33.3%","50.0%","40.0%","50.0%","100.0%","75.0%","40.0%","58.3%","10.0%","24.0%","34.0%","2539"
"Asdrubal Cabrera","- - -","33.3%","67.4%","48.2%","61.1%","86.8%","76.7%","43.6%","64.2%","11.2%","16.4%","27.6%","4962"
"Sandy Leon","MIA","33.3%","60.9%","45.0%","64.2%","84.9%","76.1%","42.5%","57.3%","10.8%","21.2%","32.0%","5273"
"Carlos Carrasco","NYM","33.3%","57.5%","47.8%","55.6%","60.9%","59.4%","59.7%","68.4%","19.4%","25.4%","44.8%","6632"
"Eric Campbell","SEA","33.3%","76.5%","51.2%","75.0%","76.9%","76.2%","41.5%","75.0%","12.2%","17.1%","29.3%","6938"
"Phil Gosselin","LAA","33.3%","61.9%","45.2%","70.0%","88.3%","80.4%","41.5%","64.1%","8.8%","21.5%","30.4%","10953"
"Nick Williams","CHW","33.3%","56.3%","41.3%","50.0%","77.8%","63.2%","34.8%","69.2%","15.2%","19.6%","34.8%","14330"
"Chase De Jong","PIT","33.3%","68.2%","52.5%","66.7%","73.3%","71.4%","55.0%","80.0%","15.0%","22.5%","37.5%","15036"
"Touki Toussaint","ATL","33.3%","64.0%","45.3%","38.5%","75.0%","58.6%","39.1%","66.7%","18.8%","21.9%","40.6%","16929"
"Trent Giambrone","CHC","33.3%","76.2%","51.0%","60.0%","75.0%","69.2%","41.2%","69.2%","15.7%","13.7%","29.4%","19250"
"Yadiel Hernandez","WSN","33.3%","73.0%","49.0%","64.4%","79.6%","73.3%","39.5%","56.1%","13.1%","13.3%","26.4%","19334"
"Khalil Lee","NYM","33.3%","58.3%","44.9%","21.4%","66.7%","48.6%","46.2%","66.7%","23.1%","25.6%","48.7%","19952"
"Rafael Marchan","PHI","33.3%","62.2%","45.6%","86.5%","90.2%","88.6%","42.5%","53.6%","5.2%","19.2%","24.4%","21646"
"Jazz Chisholm Jr.","MIA","33.4%","65.6%","46.8%","61.4%","81.8%","73.3%","41.8%","60.0%","12.5%","18.6%","31.1%","20454"
"Jorge Polanco","MIN","33.4%","71.0%","49.3%","68.8%","89.8%","81.6%","42.2%","59.6%","9.1%","15.5%","24.5%","13152"
"Andrew Knizner","STL","33.4%","67.4%","46.8%","65.7%","85.6%","77.0%","39.4%","62.2%","10.8%","15.8%","26.6%","19514"
"Kurt Suzuki","LAA","33.5%","70.0%","48.8%","67.2%","89.9%","80.9%","42.0%","56.3%","9.3%","15.9%","25.2%","8259"
"Trevor Story","COL","33.5%","76.2%","50.8%","56.7%","86.1%","74.6%","40.5%","62.7%","12.9%","12.6%","25.5%","12564"
"Jeff McNeil","NYM","33.5%","85.2%","56.1%","72.0%","90.9%","84.6%","43.7%","60.6%","8.7%","9.0%","17.7%","15362"
"Nomar Mazara","DET","33.6%","65.4%","46.6%","62.7%","86.1%","76.2%","41.1%","62.4%","11.1%","16.2%","27.3%","14553"
"Sheldon Neuse","LAD","33.6%","74.4%","51.9%","52.1%","71.3%","64.4%","45.0%","60.6%","18.4%","16.1%","34.5%","19635"
"Manuel Margot","TBR","33.6%","73.3%","50.3%","71.0%","89.8%","82.5%","42.2%","61.9%","8.8%","15.0%","23.8%","14712"
"Wyatt Mathisen","ARI","33.6%","65.0%","46.2%","45.0%","73.1%","60.9%","40.2%","56.9%","18.1%","19.1%","37.2%","14555"
"Gregory Polanco","PIT","33.6%","69.7%","48.1%","55.8%","84.8%","72.7%","40.2%","62.8%","13.2%","15.3%","28.4%","12907"
"Isiah Kiner-Falefa","TEX","33.6%","64.1%","46.5%","75.7%","94.9%","86.9%","42.3%","60.4%","6.1%","20.1%","26.2%","16512"
"Yu Chang","CLE","33.6%","72.7%","50.1%","54.3%","87.1%","74.3%","42.1%","61.8%","12.8%","14.8%","27.7%","14773"
"Zach McKinstry","LAD","33.7%","61.2%","46.0%","57.6%","89.7%","76.7%","44.7%","64.0%","10.7%","21.3%","32.0%","19392"
"Abraham Toro","- - -","33.7%","66.8%","47.9%","76.0%","90.0%","84.4%","43.1%","60.3%","7.5%","17.6%","25.0%","19844"
"C.J. Cron","COL","33.7%","67.9%","47.1%","64.7%","83.8%","75.5%","39.1%","54.8%","11.5%","16.0%","27.5%","12546"
"Trevor Rogers","MIA","33.7%","60.0%","45.3%","30.0%","59.5%","47.2%","44.0%","60.9%","23.9%","21.4%","45.3%","22286"
"Rougned Odor","NYY","33.7%","73.2%","50.6%","62.5%","79.6%","73.1%","42.8%","54.8%","13.6%","13.0%","26.6%","12282"
"Webster Rivas","SDP","33.7%","65.8%","46.6%","63.2%","92.0%","79.5%","40.3%","61.0%","9.5%","17.0%","26.5%","14636"
"Eduardo Escobar","- - -","33.8%","72.0%","49.4%","69.3%","83.6%","77.9%","41.0%","56.9%","10.9%","14.3%","25.2%","6153"
"Brandon Lowe","TBR","33.8%","79.4%","52.4%","54.6%","78.3%","69.2%","40.9%","62.1%","16.1%","10.9%","27.0%","18882"
"Andy Ibanez","TEX","33.8%","75.3%","51.5%","65.0%","90.9%","81.2%","42.6%","61.4%","9.7%","14.5%","24.2%","18819"
"Ryan O'Hearn","KCR","33.8%","75.4%","51.0%","59.8%","82.9%","73.9%","41.2%","60.6%","13.3%","13.3%","26.6%","16442"
"Nico Hoerner","CHC","33.8%","69.3%","47.7%","73.1%","89.2%","82.3%","39.1%","59.4%","8.5%","16.2%","24.6%","21479"
"Derek Hill","DET","33.9%","71.2%","49.3%","57.1%","85.9%","74.3%","41.4%","67.3%","12.7%","14.7%","27.4%","16947"
"Adam Eaton","- - -","34.0%","65.5%","46.8%","67.4%","85.4%","77.6%","40.7%","53.5%","10.5%","16.9%","27.3%","11205"
"Ryan LaMarre","NYY","34.0%","68.2%","50.5%","43.8%","83.3%","69.6%","48.4%","62.5%","15.4%","16.5%","31.9%","10700"
"Hunter Dozier","KCR","34.1%","71.4%","48.8%","45.7%","87.0%","69.6%","39.6%","62.1%","14.8%","15.4%","30.2%","15117"
"Xander Bogaerts","BOS","34.1%","63.4%","45.7%","70.9%","86.7%","79.6%","39.7%","58.0%","9.3%","18.4%","27.7%","12161"
"Ty France","SEA","34.1%","73.8%","50.3%","68.3%","92.2%","82.6%","40.8%","58.0%","8.7%","14.0%","22.8%","17982"
"Danny Santana","BOS","34.1%","79.8%","53.9%","48.0%","78.1%","67.3%","43.2%","55.1%","17.6%","11.8%","29.5%","10322"
"Trey Mancini","BAL","34.1%","66.5%","47.0%","61.6%","83.0%","73.6%","39.7%","56.5%","12.4%","16.3%","28.7%","15149"
"Starling Marte","- - -","34.2%","71.2%","48.8%","64.5%","87.9%","77.9%","39.4%","64.1%","10.8%","15.0%","25.7%","9241"
"Luis Campusano","SDP","34.2%","62.9%","46.8%","40.7%","79.5%","63.6%","44.0%","63.2%","17.0%","20.6%","37.6%","22217"
"Nick Solak","TEX","34.2%","62.9%","45.8%","68.9%","84.3%","77.5%","40.5%","61.3%","10.3%","18.9%","29.3%","19294"
"Gerardo Parra","WSN","34.2%","68.9%","49.3%","62.5%","81.5%","74.0%","43.5%","65.4%","12.8%","17.1%","29.9%","8553"
"Eric Hosmer","SDP","34.2%","69.2%","48.3%","65.6%","88.6%","78.8%","40.2%","61.4%","10.2%","16.1%","26.3%","3516"
"Jean Segura","PHI","34.3%","64.8%","48.1%","73.8%","90.5%","84.0%","45.4%","62.1%","7.7%","17.8%","25.5%","5933"
"Mike Freeman","CIN","34.3%","68.2%","49.0%","63.3%","74.7%","70.2%","43.5%","56.9%","14.6%","17.4%","32.0%","11241"
"Omar Narvaez","MIL","34.3%","77.8%","52.2%","64.2%","88.3%","79.0%","41.3%","62.0%","11.0%","11.8%","22.7%","13338"
"Richie Martin","BAL","34.3%","77.0%","54.6%","61.1%","81.6%","74.9%","47.6%","66.7%","13.7%","14.0%","27.7%","17736"
"Michael A. Taylor","KCR","34.3%","75.8%","51.2%","55.3%","80.6%","70.6%","40.7%","63.1%","15.0%","13.1%","28.1%","11489"
"Teoscar Hernandez","TOR","34.3%","77.0%","51.9%","52.3%","81.8%","70.3%","41.1%","63.2%","15.4%","12.5%","27.9%","13066"
"Ramon Laureano","OAK","34.4%","68.0%","48.4%","57.8%","87.3%","75.1%","41.6%","60.8%","12.1%","17.6%","29.6%","17128"
"Jared Walsh","LAA","34.4%","69.4%","49.0%","66.6%","84.3%","77.0%","41.8%","57.4%","11.3%","15.4%","26.7%","18607"
"Colin Moran","PIT","34.4%","71.6%","49.0%","66.9%","84.3%","76.9%","39.2%","64.1%","11.3%","14.6%","25.9%","16909"
"Bryan De La Cruz","MIA","34.5%","74.8%","50.1%","59.8%","89.7%","77.1%","38.7%","64.4%","11.5%","14.8%","26.3%","19600"
"Harrison Bader","STL","34.5%","64.1%","47.0%","63.7%","87.6%","77.4%","42.1%","60.1%","10.6%","18.7%","29.3%","18030"
"Donovan Solano","SFG","34.5%","71.3%","49.7%","66.7%","92.0%","81.7%","41.3%","67.2%","9.1%","16.7%","25.8%","8623"
"Byron Buxton","MIN","34.5%","80.0%","53.0%","60.0%","79.7%","72.0%","40.5%","65.4%","14.8%","12.3%","27.1%","14161"
"Elvis Andrus","OAK","34.6%","67.5%","48.7%","67.9%","91.6%","82.0%","42.9%","62.1%","8.8%","17.4%","26.2%","8709"
"Alex Dickerson","SFG","34.6%","72.7%","50.3%","61.6%","85.3%","75.7%","41.2%","58.7%","12.2%","13.9%","26.1%","12649"
"Colton Welker","COL","34.6%","63.6%","45.7%","56.8%","95.2%","77.2%","38.2%","60.0%","10.4%","19.7%","30.1%","19961"
"Austin Riley","ATL","34.6%","74.6%","50.1%","62.7%","82.0%","73.9%","38.8%","63.3%","13.1%","13.8%","26.9%","18360"
"Andrew Benintendi","KCR","34.6%","74.5%","52.2%","71.8%","84.3%","79.6%","43.9%","60.0%","10.6%","13.0%","23.6%","17901"
"Jose Altuve","HOU","34.7%","66.7%","47.0%","77.2%","91.9%","85.2%","38.5%","63.6%","7.0%","17.7%","24.6%","5417"
"Keston Hiura","MIL","34.7%","75.2%","51.9%","43.4%","61.2%","54.3%","42.5%","58.9%","23.7%","13.6%","37.3%","20003"
"Nick Neidert","MIA","34.8%","56.0%","45.8%","25.0%","92.9%","68.2%","52.1%","83.3%","14.6%","27.1%","41.7%","18699"
"Taylor Widener","ARI","34.8%","52.6%","45.9%","75.0%","40.0%","50.0%","62.3%","66.7%","23.0%","31.1%","54.1%","19266"
"Zach Reks","LAD","34.8%","78.3%","56.5%","37.5%","83.3%","69.2%","50.0%","90.0%","17.4%","13.0%","30.4%","19667"
"Rene Rivera","- - -","34.8%","69.5%","50.3%","41.8%","76.4%","63.2%","44.8%","60.3%","18.5%","17.5%","36.0%","3648"
"Rio Ruiz","- - -","34.8%","82.1%","54.4%","62.7%","79.2%","73.0%","41.4%","59.6%","14.6%","10.6%","25.2%","14103"
"Mason Williams","NYM","34.8%","72.6%","53.1%","60.9%","82.2%","75.0%","48.4%","67.6%","13.3%","16.4%","29.7%","11859"
"Nick Heath","ARI","34.9%","60.6%","46.5%","56.7%","72.1%","65.8%","45.2%","66.7%","15.9%","20.4%","36.3%","19577"
"Ryan Zimmerman","WSN","34.9%","61.7%","45.7%","59.9%","85.7%","74.0%","40.5%","61.5%","11.9%","18.9%","30.8%","4220"
"Pablo Sandoval","ATL","35.0%","71.4%","47.8%","59.3%","80.0%","70.2%","35.1%","47.7%","14.2%","14.2%","28.5%","5409"
"Seby Zavala","CHW","35.0%","74.7%","51.4%","36.0%","74.6%","59.3%","41.4%","67.3%","21.0%","15.2%","36.2%","18887"
"Paolo Espino","WSN","35.0%","51.7%","43.2%","38.1%","83.3%","64.7%","49.2%","72.7%","15.3%","31.4%","46.6%","8246"
"Yairo Munoz","BOS","35.0%","88.2%","59.5%","28.6%","86.7%","68.2%","45.9%","81.8%","18.9%","10.8%","29.7%","16313"
"Pete Alonso","NYM","35.0%","71.3%","49.3%","63.9%","86.4%","76.7%","39.3%","58.7%","11.5%","13.8%","25.3%","19251"
"Hunter Renfroe","BOS","35.1%","68.2%","48.2%","67.2%","84.7%","77.0%","39.8%","66.6%","11.1%","16.8%","27.8%","15464"
"Joc Pederson","- - -","35.1%","67.9%","48.5%","66.2%","83.5%","76.2%","41.0%","60.7%","11.6%","15.6%","27.2%","11899"
"Daulton Varsho","ARI","35.1%","71.4%","50.9%","67.8%","83.9%","77.6%","43.5%","57.1%","11.4%","14.0%","25.4%","19918"
"Nelson Cruz","- - -","35.1%","74.9%","50.9%","58.6%","81.5%","71.9%","39.7%","63.0%","14.3%","12.1%","26.4%","2434"
"Rowdy Tellez","- - -","35.2%","69.2%","48.5%","66.3%","88.7%","78.8%","39.3%","56.3%","10.3%","16.4%","26.6%","15679"
"Dustin Fowler","PIT","35.2%","58.8%","46.6%","43.8%","80.0%","65.9%","48.3%","52.2%","15.9%","19.9%","35.8%","17098"
"Josh Palacios","TOR","35.2%","65.3%","48.5%","56.3%","78.7%","69.6%","44.2%","45.2%","14.7%","16.6%","31.3%","19818"
"Tyrone Taylor","MIL","35.2%","72.3%","49.2%","63.8%","90.2%","78.5%","37.9%","63.5%","10.6%","15.3%","25.9%","13675"
"Nick Senzel","CIN","35.2%","79.3%","52.5%","71.9%","93.1%","84.5%","39.3%","66.9%","8.2%","12.5%","20.6%","19293"
"Cody Bellinger","LAD","35.2%","75.5%","51.3%","65.6%","77.1%","72.3%","40.0%","56.6%","14.2%","12.7%","26.9%","15998"
"Kevin Smith","TOR","35.3%","85.5%","57.7%","45.8%","85.1%","71.8%","44.7%","72.2%","16.3%","9.8%","26.0%","20242"
"Freddy Galvis","- - -","35.3%","66.9%","48.3%","74.2%","88.9%","82.6%","40.9%","58.6%","8.4%","16.8%","25.2%","6609"
"Pat Valaika","BAL","35.3%","75.6%","52.4%","61.6%","85.0%","75.9%","42.4%","65.5%","12.6%","15.0%","27.6%","14885"
"Skye Bolt","- - -","35.4%","60.4%","46.9%","70.0%","86.2%","79.6%","45.9%","58.3%","9.6%","20.1%","29.7%","17723"
"Eddy Alvarez","MIA","35.5%","68.5%","48.4%","57.4%","90.8%","75.9%","39.2%","56.8%","11.7%","15.5%","27.2%","16959"
"Ernie Clement","CLE","35.5%","63.9%","48.0%","76.1%","89.5%","84.0%","43.9%","64.7%","7.7%","21.7%","29.4%","20352"
"Nick Ahmed","ARI","35.5%","69.6%","49.7%","61.6%","84.1%","74.8%","41.8%","64.1%","12.5%","16.7%","29.3%","12147"
"Austin Wynns","BAL","35.5%","56.3%","44.3%","66.1%","92.5%","80.3%","42.3%","61.9%","8.7%","22.6%","31.3%","15271"
"Albert Pujols","- - -","35.6%","63.6%","47.1%","63.0%","93.2%","79.8%","41.1%","54.1%","9.5%","18.7%","28.2%","1177"
"Donovan Walton","SEA","35.6%","73.4%","52.5%","62.5%","82.5%","75.0%","44.7%","60.9%","13.1%","14.8%","27.9%","19314"
"Payton Henry","MIA","35.6%","81.8%","50.7%","62.5%","88.9%","76.5%","32.8%","50.0%","11.9%","11.9%","23.9%","22164"
"Johan Oviedo","STL","35.6%","68.6%","50.0%","75.0%","58.3%","65.0%","43.8%","68.2%","17.5%","20.0%","37.5%","22487"
"Marwin Gonzalez","- - -","35.6%","62.0%","46.6%","66.4%","86.8%","77.7%","41.6%","59.6%","10.4%","19.2%","29.6%","5497"
"William Contreras","ATL","35.6%","73.3%","51.1%","54.1%","77.1%","67.7%","41.2%","58.4%","16.5%","13.1%","29.7%","20503"
"Garrett Stubbs","HOU","35.6%","63.6%","49.1%","47.6%","94.3%","76.8%","48.2%","68.4%","11.4%","17.5%","28.9%","18067"
"Jesus Sanchez","MIA","35.6%","70.9%","49.9%","58.4%","83.5%","72.9%","40.6%","60.2%","13.5%","14.4%","27.9%","19913"
"Aramis Garcia","OAK","35.6%","73.0%","52.4%","55.2%","85.6%","74.2%","44.7%","60.6%","13.5%","15.0%","28.5%","16925"
"James McCann","NYM","35.6%","71.7%","50.0%","59.9%","85.3%","74.4%","39.7%","58.3%","12.8%","13.9%","26.7%","12859"
"Randal Grichuk","TOR","35.7%","74.8%","52.2%","61.7%","90.5%","79.2%","42.3%","61.5%","10.9%","14.0%","24.9%","10243"
"Stephen Piscotty","OAK","35.8%","75.7%","53.8%","56.4%","84.0%","73.9%","45.1%","55.9%","14.1%","13.0%","27.1%","13367"
"Travis Blankenhorn","- - -","35.8%","77.5%","53.8%","42.1%","93.5%","74.0%","43.0%","62.5%","14.0%","12.9%","26.9%","18395"
"Jose Abreu","CHW","35.9%","66.5%","48.3%","60.6%","86.0%","74.8%","40.7%","62.1%","12.2%","16.2%","28.4%","15676"
"Will Craig","PIT","35.9%","68.1%","51.0%","63.8%","82.3%","75.4%","47.0%","66.2%","12.6%","18.6%","31.2%","19267"
"Brendan Rodgers","COL","35.9%","75.6%","52.5%","69.9%","86.6%","80.0%","41.9%","61.0%","10.5%","14.1%","24.6%","17907"
"Cam Gallagher","KCR","36.0%","66.5%","49.7%","75.6%","94.6%","87.0%","44.8%","62.9%","6.5%","17.6%","24.0%","12981"
"Magneuris Sierra","MIA","36.0%","64.5%","49.1%","67.7%","89.0%","80.5%","45.9%","64.9%","9.6%","17.8%","27.4%","17023"
"Chad Wallach","MIA","36.0%","67.5%","48.6%","42.9%","73.4%","59.9%","40.1%","57.6%","19.5%","17.1%","36.6%","17161"
"Joey Wendle","TBR","36.0%","64.3%","47.8%","63.6%","88.1%","77.3%","41.6%","64.1%","10.8%","19.1%","29.9%","13853"
"Ronald Torreyes","PHI","36.1%","71.6%","52.6%","76.1%","93.1%","86.8%","46.4%","64.5%","6.9%","16.1%","23.0%","11400"
"Rafael Devers","BOS","36.1%","79.7%","53.5%","66.9%","79.1%","74.1%","39.9%","62.7%","13.8%","10.8%","24.7%","17350"
"Marcus Stroman","NYM","36.2%","59.5%","47.2%","61.8%","66.0%","64.3%","47.2%","81.0%","16.9%","20.8%","37.6%","13431"
"Ryan Weathers","SDP","36.2%","55.3%","45.7%","52.9%","88.5%","74.4%","50.0%","75.0%","11.7%","25.5%","37.2%","23796"
"Jose Peraza","NYM","36.2%","73.2%","51.1%","68.2%","92.7%","82.3%","40.3%","65.6%","9.0%","15.7%","24.8%","13593"
"Stevie Wilkerson","BAL","36.2%","64.3%","49.8%","42.6%","84.4%","68.8%","48.4%","67.1%","15.6%","20.4%","36.0%","16041"
"Owen Miller","CLE","36.3%","66.2%","48.9%","63.7%","85.7%","76.3%","42.3%","60.4%","11.6%","18.0%","29.6%","24655"
"Odubel Herrera","PHI","36.3%","68.0%","49.7%","73.5%","88.5%","82.1%","42.2%","59.8%","8.9%","15.4%","24.2%","11476"
"Orlando Arcia","- - -","36.3%","72.0%","52.4%","66.7%","87.6%","79.7%","45.2%","60.7%","10.7%","13.5%","24.2%","13185"
"Luis Rengifo","LAA","36.3%","70.2%","49.8%","66.7%","80.7%","74.5%","39.8%","61.1%","12.7%","15.0%","27.7%","19858"
"Greg Deichmann","CHC","36.4%","68.6%","52.9%","41.7%","68.8%","59.7%","51.5%","64.5%","21.3%","17.6%","39.0%","19872"
"Jake Burger","CHW","36.4%","68.1%","48.9%","47.5%","81.6%","66.3%","39.6%","64.3%","16.5%","14.8%","31.3%","22275"
"Yonathan Daza","COL","36.4%","69.6%","50.0%","69.8%","89.6%","81.1%","40.9%","61.0%","9.5%","16.2%","25.7%","15794"
"Taylor Jones","HOU","36.5%","71.7%","51.4%","58.4%","80.6%","71.6%","42.5%","68.5%","14.6%","14.9%","29.5%","19533"
"Mike Moustakas","CIN","36.5%","71.5%","50.9%","59.4%","85.0%","74.2%","41.2%","59.7%","13.1%","14.0%","27.1%","4892"
"Jorge Mateo","- - -","36.6%","68.8%","50.1%","59.8%","82.4%","72.8%","42.1%","58.4%","13.6%","16.1%","29.7%","17273"
"Henry Ramos","ARI","36.6%","77.9%","53.6%","62.2%","94.0%","81.3%","41.1%","63.6%","10.0%","11.0%","21.1%","11481"
"Luke Maile","MIL","36.6%","64.3%","46.0%","56.7%","88.9%","71.9%","33.9%","52.9%","12.9%","16.1%","29.0%","13355"
"Leury Garcia","CHW","36.6%","72.5%","52.3%","64.0%","87.7%","78.4%","43.7%","61.6%","11.3%","13.6%","24.9%","5913"
"Ildemaro Vargas","- - -","36.6%","63.4%","48.2%","68.3%","89.2%","80.1%","43.2%","65.1%","9.6%","21.1%","30.7%","13324"
"Tyler Mahle","CIN","36.6%","70.4%","51.9%","62.5%","88.2%","78.2%","45.2%","72.7%","11.3%","14.2%","25.5%","16358"
"Raimel Tapia","COL","36.7%","69.7%","51.0%","78.7%","92.7%","87.0%","43.6%","58.9%","6.6%","16.2%","22.8%","14350"
"Anthony Santander","BAL","36.7%","72.0%","51.5%","67.9%","84.1%","77.4%","42.0%","59.1%","11.6%","14.3%","26.0%","14551"
"Didi Gregorius","PHI","36.7%","76.9%","54.0%","65.9%","84.9%","77.5%","43.0%","63.7%","12.2%","11.6%","23.8%","6012"
"Yan Gomes","- - -","36.8%","68.8%","50.9%","66.9%","90.4%","80.9%","44.0%","60.3%","9.7%","17.4%","27.2%","9627"
"Adam Engel","CHW","36.8%","70.5%","50.9%","56.9%","86.9%","74.3%","41.9%","61.4%","13.1%","13.5%","26.6%","15082"
"Dexter Fowler","LAA","36.8%","79.5%","58.4%","57.1%","77.4%","71.1%","50.6%","57.1%","16.9%","11.7%","28.6%","4062"
"J.D. Martinez","BOS","36.9%","79.8%","54.3%","60.2%","81.7%","73.0%","40.6%","62.6%","14.6%","11.3%","25.9%","6184"
"Franchy Cordero","BOS","36.9%","74.4%","53.7%","44.5%","75.0%","63.4%","44.8%","59.6%","19.6%","12.4%","32.0%","14567"
"Edmundo Sosa","STL","36.9%","74.5%","53.1%","60.4%","82.7%","73.9%","43.1%","61.7%","13.9%","14.6%","28.5%","17022"
"Jake Marisnick","- - -","37.0%","73.8%","51.9%","53.8%","77.9%","67.6%","40.4%","65.7%","16.8%","14.3%","31.1%","11339"
"Amed Rosario","CLE","37.0%","65.0%","48.9%","65.8%","85.2%","76.8%","42.5%","62.2%","11.4%","19.0%","30.3%","15518"
"Yu Darvish","SDP","37.2%","44.2%","40.6%","61.9%","78.3%","70.5%","47.9%","74.5%","12.0%","29.0%","41.0%","13074"
"Lourdes Gurriel Jr.","TOR","37.3%","69.5%","50.9%","65.5%","86.5%","77.6%","42.1%","67.1%","11.4%","16.2%","27.6%","19238"
"Jose Trevino","TEX","37.3%","62.4%","48.2%","66.7%","88.5%","78.9%","43.5%","62.6%","10.2%","20.1%","30.3%","16725"
"Taylor Motter","- - -","37.3%","78.4%","54.0%","64.3%","77.5%","72.1%","40.5%","51.7%","15.1%","10.3%","25.4%","12399"
"Tim Locastro","- - -","37.3%","54.3%","45.3%","72.3%","84.2%","79.1%","47.3%","64.1%","9.5%","22.5%","32.0%","15124"
"Charlie Morton","ATL","37.4%","49.0%","43.1%","40.0%","80.4%","62.6%","49.3%","74.2%","16.1%","30.8%","46.9%","4676"
"Charlie Culberson","TEX","37.4%","72.9%","52.4%","56.3%","81.4%","71.1%","42.3%","64.2%","15.2%","15.2%","30.3%","3298"
"Josh Reddick","ARI","37.4%","73.0%","53.3%","64.8%","91.7%","81.2%","44.7%","63.3%","10.0%","14.4%","24.4%","3892"
"Jose Barrero","CIN","37.5%","73.8%","51.4%","50.0%","81.4%","67.3%","38.5%","67.9%","16.7%","13.9%","30.6%","23378"
"Adam Duvall","- - -","37.6%","67.9%","50.1%","57.9%","85.4%","73.2%","41.2%","61.6%","13.4%","16.7%","30.1%","10950"
"A.J. Pollock","LAD","37.6%","73.9%","52.8%","61.4%","88.1%","77.0%","41.8%","63.5%","12.2%","13.4%","25.6%","9256"
"Austin Hedges","CLE","37.7%","73.9%","53.2%","58.0%","80.9%","71.6%","43.0%","63.5%","15.1%","13.4%","28.5%","12976"
"Wilson Ramos","- - -","37.8%","73.0%","54.2%","53.6%","87.8%","75.1%","46.7%","65.6%","13.5%","14.2%","27.7%","1433"
"Aledmys Diaz","HOU","37.9%","72.7%","53.3%","62.9%","89.4%","78.9%","44.4%","69.0%","11.2%","15.9%","27.1%","15937"
"Adrian Sanchez","WSN","37.9%","77.6%","56.5%","76.0%","95.6%","88.6%","46.8%","65.8%","6.5%","15.3%","21.8%","11338"
"Drew Smyly","ATL","37.9%","60.0%","50.3%","52.0%","84.3%","73.7%","56.3%","72.1%","13.2%","23.8%","37.1%","11760"
"Mauricio Dubon","SFG","38.0%","68.9%","50.8%","69.3%","87.6%","79.6%","41.5%","66.8%","10.4%","16.6%","27.0%","16530"
"Alcides Escobar","WSN","38.0%","70.0%","51.4%","68.0%","87.4%","79.0%","41.8%","63.3%","10.8%","16.2%","27.0%","6310"
"Dominic Smith","NYM","38.0%","72.4%","51.8%","61.3%","85.5%","74.9%","40.2%","57.4%","13.0%","13.4%","26.4%","15653"
"Andy Young","ARI","38.1%","64.3%","48.0%","44.4%","74.3%","59.5%","37.6%","65.4%","19.4%","17.7%","37.2%","19521"
"Vimael Machin","OAK","38.2%","75.5%","54.5%","57.7%","85.0%","74.2%","43.8%","70.3%","14.0%","15.7%","29.8%","17684"
"Rodolfo Castro","PIT","38.4%","75.3%","53.8%","55.1%","86.4%","73.4%","41.7%","65.6%","14.3%","12.6%","26.9%","21987"
"Andrew Romine","CHC","38.4%","70.2%","52.1%","58.6%","85.0%","73.9%","43.0%","57.8%","13.6%","12.8%","26.4%","1159"
"Eddie Rosario","- - -","38.4%","77.1%","53.4%","77.7%","85.8%","82.2%","38.7%","57.5%","9.5%","12.5%","22.0%","12155"
"Wilfredo Tovar","NYM","38.5%","63.6%","50.0%","50.0%","85.7%","70.8%","45.8%","75.0%","14.6%","18.8%","33.3%","10416"
"Rob Brantly","NYY","38.5%","75.7%","53.9%","55.0%","89.3%","75.0%","41.6%","38.1%","13.5%","15.7%","29.2%","10655"
"Maikel Franco","BAL","38.5%","67.4%","50.2%","68.4%","85.0%","77.4%","40.6%","65.3%","11.3%","17.1%","28.4%","12179"
"Jake Woodford","STL","38.5%","52.5%","47.0%","30.0%","90.5%","71.0%","60.6%","80.0%","13.6%","31.8%","45.5%","18674"
"Ozzie Albies","ATL","38.5%","83.4%","56.7%","69.1%","81.5%","76.5%","40.5%","61.1%","13.3%","8.8%","22.1%","16556"
"Juan Lagares","LAA","38.5%","64.0%","49.6%","67.2%","85.7%","77.5%","43.2%","63.3%","11.2%","18.1%","29.3%","5384"
"Jarren Duran","BOS","38.6%","70.9%","51.7%","54.1%","81.5%","69.4%","40.8%","59.8%","15.9%","13.5%","29.4%","24617"
"Jack Mayfield","- - -","38.7%","72.2%","52.5%","65.6%","87.0%","77.7%","41.1%","62.4%","11.7%","14.2%","25.9%","15402"
"Frank Schwindel","- - -","38.7%","72.0%","52.1%","61.5%","91.3%","78.0%","40.1%","64.5%","11.4%","14.4%","25.8%","15351"
"Adalberto Mondesi","KCR","38.8%","84.6%","58.6%","45.0%","78.3%","65.7%","43.1%","65.4%","20.1%","8.5%","28.5%","13769"
"Kyle Farmer","CIN","38.8%","65.7%","49.8%","71.5%","89.9%","81.4%","40.9%","62.4%","9.3%","18.0%","27.3%","14813"
"Josh Harrison","- - -","38.9%","77.0%","55.3%","75.4%","87.5%","82.7%","43.1%","64.9%","9.6%","13.1%","22.7%","8202"
"Luis Garcia","WSN","39.0%","70.6%","52.2%","64.1%","88.4%","77.8%","41.8%","62.8%","11.6%","14.4%","26.0%","20391"
"Alex Jackson","- - -","39.0%","71.1%","52.5%","38.1%","61.0%","51.1%","41.8%","59.6%","25.6%","14.4%","40.0%","17276"
"Patrick Mazeika","NYM","39.2%","64.6%","49.1%","67.9%","90.2%","79.4%","39.0%","63.2%","10.1%","19.0%","29.1%","18142"
"Jonathan Schoop","DET","39.2%","71.6%","52.5%","64.7%","87.2%","77.2%","40.9%","59.1%","11.9%","15.0%","26.9%","11265"
"Johneshwy Fargas","- - -","39.3%","75.6%","55.0%","66.7%","80.6%","75.0%","43.4%","61.1%","13.8%","11.6%","25.4%","16446"
"Jacob Nottingham","- - -","39.3%","71.8%","53.0%","42.9%","67.9%","57.1%","42.2%","64.4%","22.7%","15.1%","37.8%","16448"
"Pablo Lopez","MIA","39.3%","64.1%","52.0%","29.2%","68.3%","53.8%","51.2%","60.0%","24.0%","16.0%","40.0%","17085"
"Kevan Smith","- - -","39.4%","68.0%","50.2%","66.7%","84.6%","75.9%","37.9%","58.5%","12.1%","17.6%","29.7%","12284"
"Curtis Terry","TEX","39.4%","49.3%","43.4%","62.8%","88.9%","74.7%","40.1%","68.8%","11.0%","25.3%","36.3%","18881"
"Eloy Jimenez","CHW","39.5%","75.6%","52.6%","55.0%","81.1%","68.6%","36.2%","64.1%","16.5%","11.7%","28.2%","17484"
"Kevin Pillar","NYM","39.5%","71.3%","52.4%","62.5%","87.9%","76.5%","40.4%","57.1%","12.3%","14.1%","26.5%","12434"
"DJ Peters","- - -","39.6%","79.5%","56.7%","56.9%","73.0%","66.5%","42.8%","66.7%","19.0%","11.4%","30.4%","19348"
"Nick Gordon","MIN","39.7%","80.0%","57.7%","59.1%","83.9%","74.5%","44.8%","62.0%","14.7%","11.1%","25.9%","16337"
"Adolis Garcia","TEX","39.7%","75.5%","54.1%","55.4%","78.2%","68.1%","40.2%","61.4%","17.2%","13.0%","30.3%","19287"
"Sonny Gray","CIN","39.7%","56.9%","47.1%","58.1%","93.9%","76.6%","42.6%","60.5%","11.0%","19.9%","30.9%","12768"
"Kyle Isbel","KCR","39.8%","60.7%","48.6%","59.5%","93.9%","77.6%","42.1%","56.6%","10.9%","17.1%","28.0%","21614"
"Kean Wong","LAA","39.8%","67.7%","51.3%","47.2%","92.1%","71.6%","41.2%","66.7%","14.6%","15.9%","30.5%","15994"
"Gio Urshela","NYY","39.9%","72.8%","53.9%","66.1%","85.0%","76.9%","42.5%","63.3%","12.4%","14.1%","26.5%","10681"
"Aaron Sanchez","SFG","40.0%","87.0%","68.4%","0.0%","75.0%","57.7%","60.5%","80.0%","28.9%","10.5%","39.5%","11490"
"Adrian Sampson","CHC","40.0%","54.5%","47.6%","50.0%","66.7%","60.0%","52.4%","81.8%","19.0%","23.8%","42.9%","13339"
"Anthony Bemboom","LAA","40.0%","61.0%","49.0%","50.0%","76.0%","63.8%","42.7%","78.6%","17.7%","20.8%","38.5%","13854"
"Ranger Suarez","PHI","40.0%","59.4%","48.6%","75.0%","84.2%","80.0%","44.4%","65.2%","9.7%","16.7%","26.4%","17277"
"Jo Adell","LAA","40.0%","75.0%","54.0%","63.2%","79.5%","72.3%","40.1%","67.1%","14.9%","13.4%","28.3%","20220"
"Sammy Long","SFG","40.0%","53.3%","46.7%","66.7%","87.5%","78.6%","50.0%","72.7%","10.0%","20.0%","30.0%","25379"
"Josh Naylor","CLE","40.0%","70.6%","52.5%","72.9%","88.1%","81.3%","40.8%","62.4%","9.8%","14.8%","24.6%","18839"
"Corey Dickerson","- - -","40.1%","75.5%","54.3%","76.8%","81.0%","79.1%","40.0%","56.7%","11.3%","11.9%","23.3%","10762"
"David Dahl","TEX","40.3%","70.6%","52.8%","64.6%","82.8%","74.7%","41.4%","63.2%","13.4%","16.0%","29.4%","13744"
"Domingo Leyba","- - -","40.3%","65.5%","50.6%","57.6%","88.4%","73.9%","40.7%","66.7%","13.2%","17.4%","30.6%","16404"
"Nick Castellanos","CIN","40.4%","79.9%","54.9%","56.8%","83.2%","70.9%","36.9%","60.9%","16.0%","10.2%","26.1%","11737"
"Alan Trejo","COL","40.4%","70.3%","52.5%","70.5%","76.9%","74.0%","40.4%","48.0%","13.7%","16.9%","30.6%","20056"
"Adbert Alzolay","CHC","40.4%","46.2%","43.4%","52.6%","75.0%","65.1%","52.5%","75.8%","15.2%","28.3%","43.4%","17859"
"Tim Anderson","CHW","40.5%","81.9%","57.8%","63.0%","84.9%","76.0%","41.9%","64.8%","13.9%","10.4%","24.3%","15172"
"Mickey Moniak","PHI","40.5%","70.0%","53.7%","46.7%","73.8%","62.5%","44.8%","62.2%","20.1%","15.7%","35.8%","19956"
"Alex Kirilloff","MIN","40.7%","73.9%","54.7%","64.8%","83.1%","75.3%","42.3%","60.2%","13.5%","13.4%","26.9%","20325"
"Elieser Hernandez","MIA","40.7%","52.0%","46.2%","45.5%","76.9%","62.5%","48.1%","83.3%","17.3%","23.1%","40.4%","16933"
"Drew Butera","LAA","40.8%","67.6%","53.5%","64.5%","78.3%","72.7%","47.2%","61.1%","14.6%","19.4%","34.0%","3411"
"Sebastian Rivero","KCR","40.8%","72.7%","53.7%","62.5%","77.1%","70.5%","40.2%","65.9%","15.9%","15.2%","31.1%","21735"
"Wil Crowe","PIT","40.8%","64.7%","52.5%","51.7%","81.8%","69.9%","48.9%","80.5%","15.8%","20.1%","36.0%","19800"
"John Gant","- - -","40.9%","44.8%","43.1%","55.6%","76.9%","68.2%","56.9%","88.9%","13.7%","25.5%","39.2%","13684"
"Adam Wainwright","STL","40.9%","63.6%","51.1%","45.9%","84.4%","67.4%","44.8%","71.6%","16.7%","16.3%","33.0%","2233"
"Jared Oliva","PIT","41.0%","73.9%","55.9%","47.1%","86.3%","70.6%","45.4%","65.1%","16.4%","15.1%","31.6%","19968"
"Ryan Lavarnway","CLE","41.0%","64.6%","51.4%","64.0%","74.2%","69.6%","44.0%","56.7%","15.6%","17.4%","33.0%","8879"
"Brandon Drury","NYM","41.2%","66.7%","52.2%","60.0%","90.2%","76.6%","43.1%","63.6%","12.2%","18.1%","30.3%","11615"
"Tyler Naquin","CIN","41.2%","78.4%","56.1%","67.5%","87.5%","78.7%","40.2%","63.7%","12.0%","10.6%","22.5%","13359"
"Keibert Ruiz","- - -","41.4%","67.8%","51.8%","87.0%","89.0%","88.1%","39.4%","66.7%","6.2%","16.6%","22.8%","19610"
"Max Schrock","CIN","41.4%","76.0%","55.2%","76.2%","93.0%","85.4%","39.8%","52.2%","8.0%","11.3%","19.3%","17750"
"Cristian Pache","ATL","41.5%","74.1%","56.0%","35.7%","82.5%","63.2%","44.4%","83.8%","20.6%","15.2%","35.8%","19948"
"Ryan Mountcastle","BAL","41.5%","77.4%","55.1%","60.1%","79.8%","70.6%","38.0%","65.7%","16.2%","12.0%","28.2%","18373"
"Matt Adams","COL","41.6%","81.6%","55.8%","67.6%","90.0%","79.2%","35.5%","57.5%","11.6%","11.6%","23.2%","9393"
"Zack Wheeler","PHI","41.6%","50.0%","45.8%","49.1%","73.5%","62.4%","49.8%","71.2%","17.2%","25.6%","42.9%","10310"
"Jacob deGrom","NYM","41.7%","75.9%","59.8%","45.0%","78.0%","67.2%","52.9%","84.8%","19.6%","12.7%","32.4%","10954"
"Avisail Garcia","MIL","41.8%","82.2%","57.9%","55.7%","77.7%","68.1%","39.8%","65.4%","18.5%","9.2%","27.6%","5760"
"Erik Gonzalez","PIT","41.9%","78.8%","57.0%","58.0%","88.8%","75.4%","40.9%","70.3%","14.0%","11.9%","25.9%","13369"
"Miles Mikolas","STL","41.9%","75.0%","53.2%","46.2%","66.7%","56.0%","34.0%","60.0%","23.4%","10.6%","34.0%","9803"
"Christian Arroyo","BOS","42.0%","77.7%","55.3%","65.0%","84.7%","75.3%","37.4%","62.4%","13.6%","11.6%","25.3%","16434"
"Bryan Holaday","ARI","42.0%","72.1%","54.9%","47.1%","75.0%","62.8%","43.0%","52.9%","20.4%","16.2%","36.6%","11287"
"Andrew Knapp","PHI","42.0%","75.6%","56.2%","52.7%","75.3%","65.5%","42.3%","62.9%","19.4%","12.8%","32.1%","14942"
"Yermin Mercedes","CHW","42.0%","72.1%","53.5%","75.8%","83.1%","79.6%","38.2%","59.5%","10.9%","13.9%","24.8%","17423"
"Willi Castro","DET","42.4%","76.4%","56.3%","56.1%","86.2%","72.8%","40.7%","67.6%","15.3%","12.3%","27.6%","17338"
"Bo Bichette","TOR","42.5%","80.8%","57.8%","68.7%","88.9%","80.0%","40.1%","64.6%","11.6%","10.3%","21.9%","19612"
"JaCoby Jones","DET","42.5%","64.6%","52.3%","59.6%","71.7%","66.2%","44.2%","63.8%","17.7%","17.2%","34.8%","14818"
"Miguel Andujar","NYY","42.8%","73.8%","55.3%","69.0%","93.4%","82.1%","40.2%","64.2%","9.9%","13.8%","23.6%","15878"
"Ian Anderson","ATL","42.9%","47.4%","45.2%","20.0%","58.3%","40.9%","52.1%","80.5%","26.7%","27.4%","54.1%","19951"
"Seth Beer","ARI","42.9%","80.0%","58.3%","66.7%","91.7%","81.0%","41.7%","80.0%","11.1%","8.3%","19.4%","20493"
"Yadier Molina","STL","42.9%","77.3%","57.0%","69.4%","84.0%","77.5%","41.2%","72.5%","12.8%","12.5%","25.3%","7007"
"Renato Nunez","DET","43.3%","67.4%","53.4%","57.7%","86.2%","72.7%","41.7%","58.2%","14.6%","18.9%","33.5%","14503"
"Jeff Hoffman","CIN","43.5%","60.9%","52.2%","80.0%","78.6%","79.2%","50.0%","75.0%","10.9%","23.9%","34.8%","17432"
"Tyler Gilbert","ARI","43.5%","38.9%","41.5%","40.0%","71.4%","52.9%","43.9%","63.6%","19.5%","24.4%","43.9%","17964"
"Victor Reyes","DET","43.7%","69.1%","54.3%","71.0%","82.5%","77.1%","41.8%","66.8%","12.4%","16.3%","28.8%","15487"
"Billy Hamilton","CHW","43.7%","70.3%","54.7%","58.1%","79.2%","69.3%","41.3%","63.7%","16.8%","14.5%","31.3%","10199"
"Scott Kingery","PHI","43.8%","81.5%","57.3%","33.3%","50.0%","41.9%","36.0%","63.2%","33.3%","13.3%","46.7%","17975"
"Riley Smith","ARI","44.0%","43.8%","43.9%","18.2%","78.6%","52.0%","56.1%","94.1%","21.1%","36.8%","57.9%","19826"
"Wade Miley","CIN","44.0%","77.8%","60.6%","51.4%","93.7%","78.0%","49.1%","67.8%","13.3%","9.7%","23.0%","8779"
"Romy Gonzalez","CHW","44.1%","65.5%","53.7%","66.7%","88.9%","78.8%","44.7%","72.7%","11.4%","18.7%","30.1%","21562"
"Vladimir Gutierrez","CIN","44.3%","60.0%","51.7%","59.3%","72.7%","66.7%","47.4%","78.6%","17.2%","12.1%","29.3%","19278"
"Andres Gimenez","CLE","44.4%","74.5%","56.8%","58.4%","82.5%","71.4%","41.1%","63.3%","16.2%","11.4%","27.6%","19950"
"Vidal Brujan","TBR","44.4%","67.4%","55.0%","70.8%","90.3%","81.8%","46.0%","69.2%","10.0%","15.0%","25.0%","20536"
"Luis Robert","CHW","44.5%","85.8%","61.5%","56.5%","86.4%","73.6%","41.0%","70.9%","16.2%","8.8%","25.0%","20043"
"Tyler Anderson","- - -","44.6%","53.8%","49.7%","27.6%","41.9%","36.1%","55.2%","77.5%","31.7%","28.3%","60.0%","12880"
"Harold Castro","DET","44.8%","74.8%","57.2%","65.7%","84.5%","75.9%","41.3%","65.5%","13.8%","13.3%","27.1%","14691"
"Joshua Fuentes","COL","45.1%","79.0%","59.3%","63.9%","85.2%","75.8%","42.0%","65.8%","14.3%","11.2%","25.5%","16885"
"Jorge Bonifacio","PHI","45.2%","71.4%","53.3%","35.7%","80.0%","54.2%","31.1%","50.0%","23.9%","10.9%","34.8%","12174"
"Anderson Tejeda","TEX","45.2%","50.0%","47.7%","21.4%","82.4%","54.8%","52.3%","70.6%","21.5%","24.6%","46.2%","19909"
"Harold Ramirez","CLE","45.2%","69.9%","55.2%","68.3%","88.1%","78.4%","40.4%","64.8%","11.9%","15.9%","27.8%","14387"
"Lewis Brinson","MIA","45.2%","71.1%","55.1%","59.7%","82.2%","70.7%","38.0%","61.7%","16.1%","13.9%","30.0%","14352"
"Alejo Lopez","CIN","45.5%","86.8%","67.6%","60.0%","90.9%","81.3%","53.5%","78.3%","12.7%","8.5%","21.1%","21127"
"Austin Gomber","COL","45.6%","66.0%","54.2%","61.3%","97.0%","79.7%","42.4%","85.7%","11.0%","16.1%","27.1%","16561"
"John Hicks","TEX","45.8%","84.1%","65.6%","59.3%","64.2%","62.5%","51.6%","80.6%","24.6%","9.0%","33.6%","12547"
"Zach Eflin","PHI","45.8%","60.9%","53.9%","40.7%","83.3%","66.7%","53.9%","86.5%","18.0%","23.4%","41.4%","13774"
"Jorge Alfaro","MIA","46.1%","79.4%","59.1%","53.1%","82.0%","68.3%","39.2%","61.7%","18.7%","10.7%","29.4%","12180"
"Wade LeBlanc","- - -","46.2%","52.4%","50.0%","66.7%","100.0%","88.2%","61.8%","92.3%","5.9%","32.4%","38.2%","5221"
"Monte Harrison","MIA","46.2%","70.0%","52.8%","66.7%","85.7%","73.7%","27.8%","90.9%","13.9%","16.7%","30.6%","17216"
"Nabil Crismatt","SDP","46.2%","50.0%","48.4%","33.3%","66.7%","53.3%","58.1%","81.8%","22.6%","29.0%","51.6%","17732"
"Francisco Mejia","TBR","46.3%","69.7%","55.3%","75.1%","86.7%","80.7%","38.4%","63.5%","10.7%","14.5%","25.2%","16403"
"Lewin Diaz","MIA","46.5%","73.4%","57.8%","64.5%","83.8%","74.8%","41.8%","68.8%","14.6%","11.7%","26.3%","18365"
"Javier Baez","- - -","46.6%","77.4%","56.8%","53.1%","73.4%","62.2%","33.0%","64.7%","21.7%","10.6%","32.3%","12979"
"Rich Hill","- - -","46.7%","76.9%","62.9%","57.1%","67.5%","63.9%","53.6%","80.8%","22.4%","13.3%","35.7%","4806"
"Zach Thompson","MIA","46.7%","51.4%","49.3%","50.0%","73.7%","63.6%","55.2%","77.8%","17.9%","22.4%","40.3%","16094"
"Cal Raleigh","SEA","46.7%","81.1%","61.8%","61.7%","73.3%","68.4%","43.8%","66.9%","19.5%","9.7%","29.2%","21534"
"Jose Siri","HOU","46.7%","76.6%","58.3%","59.6%","72.9%","66.4%","38.7%","69.4%","19.6%","11.6%","31.2%","17452"
"Jose Iglesias","- - -","46.9%","66.5%","55.0%","73.4%","93.1%","83.2%","41.0%","63.0%","9.3%","16.9%","26.2%","10231"
"Austin Romine","CHC","47.7%","66.3%","56.6%","47.2%","83.6%","67.5%","47.6%","71.0%","18.4%","17.5%","35.8%","5491"
"Willians Astudillo","MIN","47.9%","83.5%","62.3%","89.1%","93.2%","91.4%","40.5%","65.7%","5.4%","8.6%","14.0%","15608"
"Kyle Muller","ATL","48.0%","71.4%","58.7%","16.7%","60.0%","40.7%","45.7%","92.3%","34.8%","15.2%","50.0%","20167"
"Salvador Perez","KCR","48.3%","78.7%","58.9%","55.9%","83.3%","68.6%","34.7%","64.7%","18.5%","9.3%","27.8%","7304"
"Logan Webb","SFG","48.4%","54.9%","51.4%","43.5%","82.2%","62.6%","46.3%","69.8%","19.2%","20.3%","39.5%","17995"
"Luke Weaver","ARI","48.6%","57.9%","53.3%","27.8%","63.6%","47.5%","50.7%","90.9%","28.0%","22.7%","50.7%","16918"
"Hanser Alberto","KCR","48.7%","84.0%","63.2%","77.4%","92.0%","85.4%","41.1%","67.8%","9.2%","8.3%","17.5%","11902"
"Julio Urias","LAD","48.8%","63.1%","55.3%","63.3%","86.2%","75.2%","45.6%","81.4%","13.7%","18.6%","32.3%","14765"
"Albert Almora Jr.","NYM","49.2%","65.9%","56.4%","52.5%","85.0%","68.9%","43.1%","66.7%","17.5%","16.1%","33.6%","14109"
"Scott Schebler","LAA","50.0%","81.5%","64.9%","43.3%","77.3%","63.5%","47.4%","70.6%","23.7%","12.3%","36.0%","12225"
"Antonio Senzatela","COL","50.0%","55.6%","52.8%","38.5%","88.9%","65.5%","50.9%","72.5%","18.2%","23.3%","41.5%","15488"
"Luis Castillo","CIN","50.0%","72.7%","61.8%","46.3%","76.6%","64.8%","51.8%","83.1%","21.8%","16.5%","38.2%","15689"
"Max Kranick","PIT","50.0%","35.7%","41.3%","44.4%","100.0%","73.7%","60.9%","64.3%","10.9%","32.6%","43.5%","22175"
"Yohel Pozo","TEX","50.4%","80.8%","63.4%","73.1%","92.5%","83.7%","42.7%","71.4%","10.3%","11.6%","22.0%","18848"
"Jose Devers","MIA","50.4%","70.5%","57.5%","70.2%","90.7%","79.0%","35.1%","73.9%","12.1%","12.1%","24.1%","20540"
"Michael Chavis","- - -","50.8%","75.7%","61.3%","52.4%","79.6%","66.5%","42.2%","73.4%","20.5%","12.8%","33.3%","17321"
"Jon Jay","LAA","51.5%","81.0%","63.0%","82.4%","100.0%","91.2%","38.9%","78.6%","5.6%","16.7%","22.2%","5227"
"Huascar Ynoa","ATL","51.9%","66.7%","59.8%","29.6%","70.0%","53.7%","53.6%","78.1%","27.7%","15.2%","42.9%","20468"
"Brian Miller","MIA","52.2%","77.3%","64.4%","83.3%","88.2%","86.2%","48.9%","72.7%","8.9%","13.3%","22.2%","20047"
"Braxton Garrett","MIA","52.9%","36.4%","43.6%","66.7%","87.5%","76.5%","56.4%","90.9%","10.3%","25.6%","35.9%","21844"
"Hernan Perez","WSN","53.1%","58.8%","55.4%","50.0%","70.0%","58.7%","41.0%","71.4%","22.9%","18.1%","41.0%","5751"
"Tomas Nido","NYM","53.4%","85.8%","65.3%","58.7%","70.1%","64.2%","36.9%","72.7%","23.4%","8.3%","31.7%","13755"
"Chase Anderson","PHI","54.2%","52.6%","53.5%","38.5%","60.0%","47.8%","44.2%","57.1%","27.9%","18.6%","46.5%","6895"
"Carlos Martinez","STL","54.9%","56.1%","55.4%","57.1%","73.9%","64.7%","44.6%","84.0%","19.6%","25.0%","44.6%","11682"
"Matt Peacock","ARI","56.0%","50.0%","52.7%","42.9%","80.0%","62.1%","54.5%","70.6%","20.0%","25.5%","45.5%","20339"
"Jack Lopez","BOS","57.6%","78.6%","63.8%","47.4%","63.6%","53.3%","29.8%","75.0%","29.8%","12.8%","42.6%","13663"
"German Marquez","COL","66.7%","57.7%","62.3%","66.7%","80.0%","72.7%","49.1%","83.3%","17.0%","18.2%","35.2%","15038"
